Country,Year,Political_Dynamics_Index2,GDP,Exports,Imports,Trade_Balance,Per_capita_GNI,Exchange_Rate_Stability,Household_consumption,Population,Government_expenditure
China,1970.0,0.1416825893047461,41951817126.0,31045205347.0,10906611779.0,20138593568.0,113.0,0.0,33970947600.0,822534450.0,49020853239.0
China,1971.0,0.1433699188705162,46072990024.0,34244292259.0,11828697765.0,22415594494.0,118.0,0.0,38033000404.0,843285424.0,51263106387.0
China,1972.0,0.14504955718602636,49310600588.0,36286490138.0,13024110450.0,23262379688.0,132.0,0.0,44546555611.0,862840403.0,59428071689.0
China,1973.0,0.14711635612047083,61707298337.0,46572203218.0,15135095119.0,31437108099.0,157.0,0.0,54433060460.0,881652080.0,72006056985.0
China,1974.0,0.1485135729863688,65086171536.0,48917499286.0,16168672250.0,32748827036.0,160.0,0.0,55802569884.0,899367640.0,74801142196.0
China,1975.0,0.15031068828027014,76679907919.0,58548926083.0,18130981836.0,40417944247.0,179.0,0.0,67566405026.0,915124661.0,82186256631.0
China,1976.0,0.1509640001122367,70463466411.0,52352824597.0,18110641814.0,34242182783.0,166.0,0.0,62676419111.0,929375924.0,81822396251.0
China,1977.0,0.15253192197538834,81024622855.0,60602879976.0,20421742879.0,40181137097.0,186.0,0.0,74549588529.0,942581333.0,88695171104.0
China,1978.0,0.15493601632941423,108965909725.0,83906513179.0,25059396546.0,58847116633.0,229.0,0.0,96311475467.0,955138943.0,104000000000.0
China,1979.0,0.15707497712810561,127364333871.0,97743755074.0,29620578797.0,68123176277.0,272.0,0.0,115000000000.0,968298969.0,130000000000.0
China,1980.0,0.15916238774761868,144725840921.0,108000000000.0,36725840921.0,71274159079.0,312.0,0.0,134000000000.0,982372466.0,156000000000.0
China,1981.0,0.1595122102102736,132443276958.0,97553962172.0,34889314786.0,62664647386.0,290.0,0.0,121000000000.0,997259502.0,154000000000.0
China,1982.0,0.16034976796679806,130529209546.0,92976535656.0,37552673890.0,55423861766.0,281.0,0.0,115000000000.0,1013483166.0,151000000000.0
China,1983.0,0.16198907439621596,141420750286.0,99627439122.0,41793311164.0,57834127958.0,297.0,0.0,121000000000.0,1029226907.0,163000000000.0
China,1984.0,0.16342070780793688,154387133860.0,110000000000.0,44387133860.0,65612866140.0,302.0,0.0,121000000000.0,1044172197.0,159000000000.0
China,1985.0,0.16498611703305757,167399669126.0,124000000000.0,43399669126.0,80600330874.0,293.0,0.0,118000000000.0,1060239979.0,158000000000.0
China,1986.0,0.16581681048578137,160737712239.0,116000000000.0,44737712239.0,71262287761.0,279.0,0.0,116000000000.0,1077770523.0,153000000000.0
China,1987.0,0.1677944322037503,174375352624.0,125000000000.0,49375352624.0,75624647376.0,298.0,0.0,124000000000.0,1096851843.0,162000000000.0
China,1988.0,0.17172115497059423,224215442895.0,163000000000.0,61215442895.0,101784557105.0,365.0,0.0,156000000000.0,1115889802.0,202000000000.0
China,1989.0,0.17419776363885708,251767985870.0,173000000000.0,78767985870.0,94232014130.0,402.0,0.0,173000000000.0,1134414723.0,233000000000.0
China,1990.0,0.17316305149013,206129332648.0,137000000000.0,69129332648.0,67870667352.0,343.0,0.0,144000000000.0,1153704252.0,197000000000.0
China,1991.0,0.17497180098246135,219580305163.0,148000000000.0,71580305163.0,76419694837.0,354.0,0.0,153000000000.0,1170626171.0,198000000000.0
China,1992.0,0.17880407242088428,284693783613.0,196000000000.0,88693783613.0,107306216387.0,417.0,0.0,188000000000.0,1183813389.0,223000000000.0
China,1993.0,0.18445577773975053,387000000000.0,274000000000.0,113000000000.0,161000000000.0,517.0,0.0,247000000000.0,1195855558.0,272000000000.0
China,1994.0,0.18290919078439694,335000000000.0,231000000000.0,104000000000.0,127000000000.0,467.0,0.0,227000000000.0,1207286675.0,249000000000.0
China,1995.0,0.18850347340352255,425000000000.0,291000000000.0,134000000000.0,157000000000.0,593.0,0.0,300000000000.0,1218144426.0,336000000000.0
China,1996.0,0.19271617796626492,489000000000.0,331000000000.0,158000000000.0,173000000000.0,693.0,0.0,355000000000.0,1228298836.0,405000000000.0
China,1997.0,0.19554158920853842,537000000000.0,349000000000.0,188000000000.0,161000000000.0,768.0,0.0,398000000000.0,1237801448.0,442000000000.0
China,1998.0,0.19765613912203003,583000000000.0,367000000000.0,216000000000.0,151000000000.0,812.0,0.0,412000000000.0,1246836105.0,469000000000.0
China,1999.0,0.19990078347387907,624000000000.0,383000000000.0,241000000000.0,142000000000.0,860.0,0.0,435000000000.0,1255433236.0,506000000000.0
China,2000.0,0.20372796131182036,696000000000.0,417000000000.0,279000000000.0,138000000000.0,947.0,0.0,486000000000.0,1264099069.0,568000000000.0
China,2001.0,0.20872540667363274,813000000000.0,488000000000.0,325000000000.0,163000000000.0,1037.0,0.0,530000000000.0,1272739582.0,613000000000.0
China,2002.0,0.21330376799869896,916000000000.0,545000000000.0,371000000000.0,174000000000.0,1136.0,0.0,577000000000.0,1280926120.0,665000000000.0
China,2003.0,0.22151336868484628,1097000000000.0,675000000000.0,422000000000.0,253000000000.0,1280.0,0.0,669000000000.0,1288873367.0,717000000000.0
China,2004.0,0.23158505700475848,1261000000000.0,839000000000.0,422000000000.0,417000000000.0,1504.0,0.0,788000000000.0,1296816711.0,805000000000.0
China,2005.0,0.2399950961838721,1425000000000.0,922000000000.0,503000000000.0,419000000000.0,1740.0,0.0,942000000000.0,1304887562.0,905000000000.0
China,2006.0,0.2537538019790859,1719000000000.0,1100000000000.0,619000000000.0,481000000000.0,2092.0,0.0,1150000000000.0,1313086567.0,1040000000000.0
China,2007.0,0.2775723599762468,2275000000000.0,1440000000000.0,835000000000.0,605000000000.0,2693.0,0.0,1450000000000.0,1321513224.0,1290000000000.0
China,2008.0,0.31023041215892877,2940000000000.0,1940000000000.0,1000000000000.0,940000000000.0,3475.0,0.0,1870000000000.0,1330167148.0,1620000000000.0
China,2009.0,0.3310889061454867,3580000000000.0,2310000000000.0,1270000000000.0,1040000000000.0,3803.0,0.0,1980000000000.0,1339125595.0,1800000000000.0
China,2010.0,0.3651413951166826,4420000000000.0,2830000000000.0,1590000000000.0,1240000000000.0,4496.0,0.0,2400000000000.0,1348191368.0,2090000000000.0
China,2011.0,0.4128476757798747,5520000000000.0,3520000000000.0,2000000000000.0,1520000000000.0,5513.0,0.0,3020000000000.0,1357095481.0,2640000000000.0
China,2012.0,0.4419073764024469,6270000000000.0,3940000000000.0,2330000000000.0,1610000000000.0,6229.0,0.0,3310000000000.0,1366560818.0,3020000000000.0
China,2013.0,0.4744368916372048,7160000000000.0,4440000000000.0,2720000000000.0,1720000000000.0,6898.0,0.0,3590000000000.0,1376100308.0,3430000000000.0
China,2014.0,0.5002221014408529,7840000000000.0,4800000000000.0,3040000000000.0,1760000000000.0,7572.0,0.0,3810000000000.0,1385189668.0,3850000000000.0
China,2015.0,0.5067099834299199,8280000000000.0,4780000000000.0,3500000000000.0,1280000000000.0,7899.0,0.0,3770000000000.0,1393715448.0,4180000000000.0
China,2016.0,0.5095477459384463,8500000000000.0,4790000000000.0,3710000000000.0,1080000000000.0,7973.0,0.0,3690000000000.0,1401889681.0,4340000000000.0
China,2017.0,0.5441699991225989,9400000000000.0,5300000000000.0,4100000000000.0,1200000000000.0,8718.0,0.0,4070000000000.0,1410275957.0,4740000000000.0
China,2018.0,0.595127157599299,10790000000000.0,6090000000000.0,4700000000000.0,1390000000000.0,9762.0,0.0,4550000000000.0,1417069468.0,5350000000000.0
China,2019.0,0.6028787043330867,11120000000000.0,6180000000000.0,4940000000000.0,1240000000000.0,10015.0,0.0,4510000000000.0,1421864031.0,5600000000000.0
China,2020.0,0.612859949953503,11540000000000.0,6370000000000.0,5170000000000.0,1200000000000.0,10225.0,0.0,4530000000000.0,1424929781.0,5610000000000.0
China,2021.0,0.7024785114300043,13570000000000.0,7600000000000.0,5970000000000.0,1630000000000.0,12324.0,0.0,5780000000000.0,1425893465.0,6800000000000.0
France,1970.0,0.09442112410939199,91517870014.0,41851553854.0,49666316160.0,-7814762306.0,2882.0,0.0,32371563370.0,51724116.0,80559251389.0
France,1971.0,0.09547375128599589,101710840068.0,45460936874.0,56249903194.0,-10788966320.0,3196.0,0.0,36496374932.0,52185222.0,90115631449.0
France,1972.0,0.09778643981432553,125523406380.0,56269158044.0,69254248336.0,-12985090292.0,3881.0,0.0,43459612233.0,52637888.0,110000000000.0
France,1973.0,0.10161075116854314,165619291951.0,74633716294.0,90985575657.0,-16351859363.0,4999.0,0.0,57465737105.0,53053660.0,142000000000.0
France,1974.0,0.1030041615886345,185141303001.0,83141303001.0,102000000000.0,-18858696999.0,5356.0,0.0,62468153432.0,53415250.0,154000000000.0
France,1975.0,0.10712940690635134,222828087782.0,89828087782.0,133000000000.0,-43171912218.0,6735.0,0.0,77187168654.0,53715733.0,197000000000.0
France,1976.0,0.1080048150938057,237513497092.0,98513497092.0,139000000000.0,-40486502908.0,6919.0,0.0,79238553109.0,53966558.0,203000000000.0
France,1977.0,0.11015320997735539,261000000000.0,105000000000.0,156000000000.0,-51000000000.0,7584.0,0.0,87514008520.0,54221988.0,223000000000.0
France,1978.0,0.11570748912502118,314000000000.0,123000000000.0,191000000000.0,-68000000000.0,9329.0,0.0,109000000000.0,54486195.0,274000000000.0
France,1979.0,0.12222197479222334,384000000000.0,153000000000.0,231000000000.0,-78000000000.0,11263.0,0.0,130000000000.0,54753575.0,333000000000.0
France,1980.0,0.12775804505686994,450000000000.0,181000000000.0,269000000000.0,-88000000000.0,12833.0,0.0,149000000000.0,55052582.0,384000000000.0
France,1981.0,0.12199218028952845,387000000000.0,145000000000.0,242000000000.0,-97000000000.0,11187.0,0.0,129000000000.0,55371044.0,346000000000.0
France,1982.0,0.11995949070019428,369000000000.0,139000000000.0,230000000000.0,-91000000000.0,10527.0,0.0,119000000000.0,55694106.0,330000000000.0
France,1983.0,0.11784048160044107,346000000000.0,122000000000.0,224000000000.0,-102000000000.0,9958.0,0.0,114000000000.0,55992656.0,314000000000.0
France,1984.0,0.11593145923289662,327000000000.0,113000000000.0,214000000000.0,-101000000000.0,9370.0,0.0,108000000000.0,56275701.0,298000000000.0
France,1985.0,0.11725320558713159,341000000000.0,117000000000.0,224000000000.0,-107000000000.0,9765.0,0.0,113000000000.0,56569195.0,313000000000.0
France,1986.0,0.12996234928636907,482000000000.0,168000000000.0,314000000000.0,-146000000000.0,13625.0,0.0,153000000000.0,56865193.0,432000000000.0
France,1987.0,0.13950038972600518,591000000000.0,208000000000.0,383000000000.0,-175000000000.0,16470.0,0.0,180000000000.0,57168409.0,530000000000.0
France,1988.0,0.14446529421485368,658000000000.0,238000000000.0,420000000000.0,-182000000000.0,17844.0,0.0,194000000000.0,57472651.0,567000000000.0
France,1989.0,0.14485672698583008,674000000000.0,249000000000.0,425000000000.0,-176000000000.0,17815.0,0.0,193000000000.0,57766282.0,567000000000.0
France,1990.0,0.1588485833102178,835000000000.0,310000000000.0,525000000000.0,-215000000000.0,21941.0,0.0,240000000000.0,58044701.0,701000000000.0
France,1991.0,0.1582398561304868,832000000000.0,300000000000.0,532000000000.0,-232000000000.0,21823.0,0.0,238000000000.0,58312661.0,699000000000.0
France,1992.0,0.1648337414499944,907000000000.0,308000000000.0,599000000000.0,-291000000000.0,24021.0,0.0,259000000000.0,58567693.0,772000000000.0
France,1993.0,0.15911425583428196,843000000000.0,259000000000.0,584000000000.0,-325000000000.0,22609.0,0.0,237000000000.0,58793642.0,732000000000.0
France,1994.0,0.16306315146914846,901000000000.0,283000000000.0,618000000000.0,-335000000000.0,23701.0,0.0,243000000000.0,59006019.0,767000000000.0
France,1995.0,0.1744855667407074,1036000000000.0,328000000000.0,708000000000.0,-380000000000.0,27120.0,0.0,282000000000.0,59232333.0,876000000000.0
France,1996.0,0.17435106114088245,1036000000000.0,315000000000.0,721000000000.0,-406000000000.0,27231.0,0.0,277000000000.0,59471115.0,885000000000.0
France,1997.0,0.16567711787112394,935000000000.0,283000000000.0,652000000000.0,-369000000000.0,24623.0,0.0,251000000000.0,59723345.0,787000000000.0
France,1998.0,0.1689032171979346,983000000000.0,311000000000.0,672000000000.0,-361000000000.0,25380.0,0.0,260000000000.0,59998221.0,811000000000.0
France,1999.0,0.16871599637530862,991000000000.0,319000000000.0,672000000000.0,-353000000000.0,25248.0,0.0,253000000000.0,60297219.0,800000000000.0
France,2000.0,0.16165293039081208,926000000000.0,306000000000.0,620000000000.0,-314000000000.0,22823.0,0.0,231000000000.0,60631053.0,734000000000.0
France,2001.0,0.16205637801386072,933000000000.0,305000000000.0,628000000000.0,-323000000000.0,22972.0,0.0,227000000000.0,60997885.0,745000000000.0
France,2002.0,0.16736651618713574,1004000000000.0,319000000000.0,685000000000.0,-366000000000.0,24603.0,0.0,241000000000.0,61372011.0,807000000000.0
France,2003.0,0.18593395317729772,1242000000000.0,390000000000.0,852000000000.0,-462000000000.0,30204.0,0.0,287000000000.0,61740850.0,998000000000.0
France,2004.0,0.20094830706519287,1451000000000.0,463000000000.0,988000000000.0,-525000000000.0,34527.0,0.0,322000000000.0,62129161.0,1140000000000.0
France,2005.0,0.20554040976935092,1533000000000.0,493000000000.0,1040000000000.0,-547000000000.0,35718.0,0.0,323000000000.0,62535739.0,1190000000000.0
France,2006.0,0.21252634372121804,1649000000000.0,539000000000.0,1110000000000.0,-571000000000.0,37561.0,0.0,328000000000.0,62959772.0,1260000000000.0
France,2007.0,0.23116669100044235,1922000000000.0,642000000000.0,1280000000000.0,-638000000000.0,42745.0,0.0,365000000000.0,63396319.0,1440000000000.0
France,2008.0,0.24486245206502616,2124000000000.0,704000000000.0,1420000000000.0,-716000000000.0,46732.0,0.0,383000000000.0,63812060.0,1590000000000.0
France,2009.0,0.22944402587996485,1914000000000.0,574000000000.0,1340000000000.0,-766000000000.0,42863.0,0.0,341000000000.0,64203160.0,1490000000000.0
France,2010.0,0.2269134909730955,1900000000000.0,580000000000.0,1320000000000.0,-740000000000.0,41874.0,0.0,328000000000.0,64570189.0,1460000000000.0
France,2011.0,0.23966260173898132,2084000000000.0,664000000000.0,1420000000000.0,-756000000000.0,45251.0,0.0,359000000000.0,64915676.0,1570000000000.0
France,2012.0,0.22877732597463302,1947000000000.0,607000000000.0,1340000000000.0,-733000000000.0,42046.0,0.0,339000000000.0,65226346.0,1470000000000.0
France,2013.0,0.234974076607477,2037000000000.0,627000000000.0,1410000000000.0,-783000000000.0,43875.0,0.0,357000000000.0,65505493.0,1540000000000.0
France,2014.0,0.23698808437448216,2078000000000.0,648000000000.0,1430000000000.0,-782000000000.0,44299.0,0.0,360000000000.0,65779602.0,1550000000000.0
France,2015.0,0.2147739889964332,1774000000000.0,554000000000.0,1220000000000.0,-666000000000.0,37728.0,0.0,311000000000.0,66021439.0,1320000000000.0
France,2016.0,0.21613553062731802,1799000000000.0,559000000000.0,1240000000000.0,-681000000000.0,38110.0,0.0,311000000000.0,66217242.0,1340000000000.0
France,2017.0,0.2230790996706581,1898000000000.0,608000000000.0,1290000000000.0,-682000000000.0,39972.0,0.0,320000000000.0,66392217.0,1400000000000.0
France,2018.0,0.2336324939212695,2056000000000.0,666000000000.0,1390000000000.0,-724000000000.0,42910.0,0.0,341000000000.0,66549699.0,1500000000000.0
France,2019.0,0.23045834006637955,2015000000000.0,665000000000.0,1350000000000.0,-685000000000.0,41793.0,0.0,337000000000.0,66695469.0,1460000000000.0
France,2020.0,0.22449433616965503,1976000000000.0,626000000000.0,1350000000000.0,-724000000000.0,40119.0,0.0,311000000000.0,66800464.0,1410000000000.0
France,2021.0,0.2432843225749419,2210000000000.0,740000000000.0,1470000000000.0,-730000000000.0,45535.0,0.0,344000000000.0,66875883.0,1560000000000.0
Germany,1970.0,0.09832381751117666,126117762994.0,70587267317.0,55530495677.0,15056771640.0,2771.0,0.0,77442444513.0,78294583.0,120000000000.0
Germany,1971.0,0.10000034481885428,147396132712.0,79519021251.0,67877111461.0,11641909790.0,3196.0,0.0,85645654059.0,78511398.0,139000000000.0
Germany,1972.0,0.10246450569751962,175887414435.0,91710389436.0,84177024999.0,7533364437.0,3823.0,0.0,99883069652.0,78643556.0,169000000000.0
Germany,1973.0,0.10742768954350275,233000000000.0,117000000000.0,116000000000.0,1000000000.0,5077.0,0.0,133000000000.0,78667466.0,223000000000.0
Germany,1974.0,0.10944298717951872,255000000000.0,118000000000.0,137000000000.0,-19000000000.0,5679.0,0.0,150000000000.0,78620534.0,248000000000.0
Germany,1975.0,0.1114607330233203,278000000000.0,120000000000.0,158000000000.0,-38000000000.0,6274.0,0.0,159000000000.0,78513511.0,286000000000.0
Germany,1976.0,0.11316061219796694,299000000000.0,133000000000.0,166000000000.0,-33000000000.0,6665.0,0.0,169000000000.0,78364216.0,302000000000.0
Germany,1977.0,0.11714929121278905,344000000000.0,151000000000.0,193000000000.0,-42000000000.0,7702.0,0.0,194000000000.0,78221272.0,351000000000.0
Germany,1978.0,0.12434059381758776,425000000000.0,189000000000.0,236000000000.0,-47000000000.0,9550.0,0.0,238000000000.0,78071549.0,428000000000.0
Germany,1979.0,0.13204948879510403,530000000000.0,242000000000.0,288000000000.0,-46000000000.0,11355.0,0.0,277000000000.0,77915727.0,512000000000.0
Germany,1980.0,0.13559527560761728,581000000000.0,259000000000.0,322000000000.0,-63000000000.0,12267.0,0.0,292000000000.0,77786703.0,559000000000.0
Germany,1981.0,0.12710471585142558,477000000000.0,197000000000.0,280000000000.0,-83000000000.0,10328.0,0.0,240000000000.0,77684489.0,476000000000.0
Germany,1982.0,0.12552860488891326,456000000000.0,180000000000.0,276000000000.0,-96000000000.0,10021.0,0.0,234000000000.0,77610430.0,461000000000.0
Germany,1983.0,0.12554693356035945,463000000000.0,185000000000.0,278000000000.0,-93000000000.0,9982.0,0.0,230000000000.0,77566064.0,458000000000.0
Germany,1984.0,0.12324191893086782,435000000000.0,172000000000.0,263000000000.0,-91000000000.0,9428.0,0.0,216000000000.0,77568572.0,429000000000.0
Germany,1985.0,0.12349978504941479,437000000000.0,169000000000.0,268000000000.0,-99000000000.0,9516.0,0.0,224000000000.0,77638808.0,429000000000.0
Germany,1986.0,0.1390185330995951,627000000000.0,242000000000.0,385000000000.0,-143000000000.0,13530.0,0.0,321000000000.0,77803357.0,598000000000.0
Germany,1987.0,0.15112117849983822,779000000000.0,293000000000.0,486000000000.0,-193000000000.0,16702.0,0.0,390000000000.0,78090895.0,747000000000.0
Germany,1988.0,0.15656888805164706,859000000000.0,326000000000.0,533000000000.0,-207000000000.0,18027.0,0.0,418000000000.0,78477530.0,800000000000.0
Germany,1989.0,0.1567137350868195,872000000000.0,339000000000.0,533000000000.0,-194000000000.0,17922.0,0.0,410000000000.0,78916438.0,799000000000.0
Germany,1990.0,0.1751927917951361,1120000000000.0,440000000000.0,680000000000.0,-240000000000.0,22563.0,0.0,509000000000.0,79370196.0,998000000000.0
Germany,1991.0,0.17987398575462213,1202000000000.0,482000000000.0,720000000000.0,-238000000000.0,23506.0,0.0,524000000000.0,79801988.0,1050000000000.0
Germany,1992.0,0.1917618509022357,1388000000000.0,538000000000.0,850000000000.0,-312000000000.0,26657.0,0.0,564000000000.0,80205030.0,1190000000000.0
Germany,1993.0,0.18714643776063158,1357000000000.0,496000000000.0,861000000000.0,-365000000000.0,25751.0,0.0,505000000000.0,80573488.0,1170000000000.0
Germany,1994.0,0.19330041494399022,1452000000000.0,536000000000.0,916000000000.0,-380000000000.0,27255.0,0.0,524000000000.0,80882126.0,1240000000000.0
Germany,1995.0,0.2112947003878713,1719000000000.0,629000000000.0,1090000000000.0,-461000000000.0,31829.0,0.0,609000000000.0,81123262.0,1440000000000.0
Germany,1996.0,0.2061858810754949,1661000000000.0,581000000000.0,1080000000000.0,-499000000000.0,30721.0,0.0,575000000000.0,81300865.0,1410000000000.0
Germany,1997.0,0.19237452808264144,1470000000000.0,517000000000.0,953000000000.0,-436000000000.0,27110.0,0.0,511000000000.0,81436087.0,1240000000000.0
Germany,1998.0,0.1938724264245247,1493000000000.0,538000000000.0,955000000000.0,-417000000000.0,27307.0,0.0,521000000000.0,81524383.0,1250000000000.0
Germany,1999.0,0.19158814229569557,1479000000000.0,527000000000.0,952000000000.0,-425000000000.0,26717.0,0.0,498000000000.0,81556965.0,1230000000000.0
Germany,2000.0,0.18011407606563162,1311000000000.0,476000000000.0,835000000000.0,-359000000000.0,23693.0,0.0,448000000000.0,81551677.0,1090000000000.0
Germany,2001.0,0.17899483193388485,1284000000000.0,446000000000.0,838000000000.0,-392000000000.0,23682.0,0.0,443000000000.0,81514568.0,1100000000000.0
Germany,2002.0,0.1828399920564414,1339000000000.0,430000000000.0,909000000000.0,-479000000000.0,25131.0,0.0,462000000000.0,81443427.0,1150000000000.0
Germany,2003.0,0.20269900307323438,1620000000000.0,510000000000.0,1110000000000.0,-600000000000.0,30372.0,0.0,557000000000.0,81346810.0,1410000000000.0
Germany,2004.0,0.2179925600966705,1807000000000.0,557000000000.0,1250000000000.0,-693000000000.0,34778.0,0.0,639000000000.0,81266673.0,1580000000000.0
Germany,2005.0,0.21960957569974698,1814000000000.0,554000000000.0,1260000000000.0,-706000000000.0,35330.0,0.0,650000000000.0,81212168.0,1610000000000.0
Germany,2006.0,0.228368976815077,1925000000000.0,615000000000.0,1310000000000.0,-695000000000.0,37481.0,0.0,703000000000.0,81177817.0,1670000000000.0
Germany,2007.0,0.24882003441331108,2201000000000.0,731000000000.0,1470000000000.0,-739000000000.0,42751.0,0.0,812000000000.0,81183830.0,1850000000000.0
Germany,2008.0,0.2627784359325621,2410000000000.0,800000000000.0,1610000000000.0,-810000000000.0,46364.0,0.0,867000000000.0,81217482.0,2020000000000.0
Germany,2009.0,0.24447140744783027,2160000000000.0,630000000000.0,1530000000000.0,-900000000000.0,42754.0,0.0,714000000000.0,81260615.0,1920000000000.0
Germany,2010.0,0.2465348803798542,2182000000000.0,682000000000.0,1500000000000.0,-818000000000.0,42600.0,0.0,780000000000.0,81325090.0,1870000000000.0
Germany,2011.0,0.26520892434828675,2440000000000.0,810000000000.0,1630000000000.0,-820000000000.0,47165.0,0.0,866000000000.0,81423378.0,2040000000000.0
Germany,2012.0,0.25234465441063997,2235000000000.0,695000000000.0,1540000000000.0,-845000000000.0,44294.0,0.0,821000000000.0,81545565.0,1940000000000.0
Germany,2013.0,0.26196051107678336,2399000000000.0,749000000000.0,1650000000000.0,-901000000000.0,46757.0,0.0,851000000000.0,81680591.0,2040000000000.0
Germany,2014.0,0.2684022761788241,2491000000000.0,791000000000.0,1700000000000.0,-909000000000.0,48397.0,0.0,890000000000.0,81858825.0,2070000000000.0
Germany,2015.0,0.24298004192143915,2133000000000.0,663000000000.0,1470000000000.0,-807000000000.0,41825.0,0.0,771000000000.0,82073226.0,1780000000000.0
Germany,2016.0,0.24830730432908601,2192000000000.0,692000000000.0,1500000000000.0,-808000000000.0,43161.0,0.0,809000000000.0,82331423.0,1830000000000.0
Germany,2017.0,0.25937914323740374,2374000000000.0,774000000000.0,1600000000000.0,-826000000000.0,45735.0,0.0,858000000000.0,82624374.0,1920000000000.0
Germany,2018.0,0.27454277429808666,2601000000000.0,871000000000.0,1730000000000.0,-859000000000.0,49561.0,0.0,910000000000.0,82896696.0,2070000000000.0
Germany,2019.0,0.2701390690521616,2550000000000.0,860000000000.0,1690000000000.0,-830000000000.0,48336.0,0.0,875000000000.0,83148141.0,2020000000000.0
Germany,2020.0,0.2687870929083267,2599000000000.0,859000000000.0,1740000000000.0,-881000000000.0,48053.0,0.0,844000000000.0,83328988.0,1960000000000.0
Germany,2021.0,0.2878672114013385,2862000000000.0,992000000000.0,1870000000000.0,-878000000000.0,52885.0,0.0,926000000000.0,83408554.0,2100000000000.0
India,1970.0,0.12189386146181141,24536011809.0,10227772896.0,14308238913.0,-4080466017.0,111.0,0.0,10148908687.0,557501301.0,49741148289.0
India,1971.0,0.12290311669453248,27373251404.0,11587349896.0,15785901508.0,-4198551612.0,117.0,0.0,11216429588.0,569999178.0,53705844965.0
India,1972.0,0.12389054504368051,28583983233.0,11548797280.0,17035185953.0,-5486388673.0,124.0,0.0,12247294886.0,582837973.0,58393890721.0
India,1973.0,0.12519558599479005,34983942596.0,16285408084.0,18698534512.0,-2413126428.0,145.0,0.0,14373170674.0,596107483.0,69052543401.0
India,1974.0,0.1264483602631325,39532636680.0,18550733995.0,20981902685.0,-2431168690.0,160.0,0.0,17767778910.0,609721951.0,79947973075.0
India,1975.0,0.12745741692351084,41925810703.0,18975679902.0,22950130801.0,-3974450899.0,163.0,0.0,18338136795.0,623524219.0,79083588412.0
India,1976.0,0.12844366375436245,43031184519.0,19308772758.0,23722411761.0,-4413639003.0,160.0,0.0,19295663880.0,637451448.0,76857498527.0
India,1977.0,0.1298304215268142,49455589569.0,22971796341.0,26483793228.0,-3511996887.0,182.0,0.0,22177410163.0,651685628.0,90751223562.0
India,1978.0,0.13147830834151494,62166637527.0,31455251827.0,30711385700.0,743866127.0,206.0,0.0,27212120801.0,666267760.0,105000000000.0
India,1979.0,0.13284368437360047,67699365419.0,33559115293.0,34140250126.0,-581134833.0,223.0,0.0,31649808955.0,681248383.0,115000000000.0
India,1980.0,0.13466317271060171,78859949469.0,38786786533.0,40073162936.0,-1286376403.0,269.0,0.0,36983955832.0,696828385.0,146000000000.0
India,1981.0,0.13603886105007285,82959707980.0,40895190517.0,42064517463.0,-1169326946.0,280.0,0.0,41261129749.0,712869298.0,152000000000.0
India,1982.0,0.13729334270109836,86279055549.0,42193938177.0,44085117372.0,-1891179195.0,279.0,0.0,42888909121.0,729169466.0,154000000000.0
India,1983.0,0.13878946538774273,90211785961.0,43961289559.0,46250496402.0,-2289206843.0,298.0,0.0,46931627208.0,745826546.0,168000000000.0
India,1984.0,0.1400337999494191,92739851050.0,45923857735.0,46815993315.0,-892135580.0,289.0,0.0,47230246816.0,762895156.0,166000000000.0
India,1985.0,0.14152876603476133,100085869055.0,51274035424.0,48811833631.0,2462201793.0,293.0,0.0,49125342653.0,780242084.0,168000000000.0
India,1986.0,0.14323019022541586,109872612828.0,54842369132.0,55030243696.0,-187874564.0,315.0,0.0,53356816709.0,797878993.0,185000000000.0
India,1987.0,0.1452250662813821,126911328191.0,66060600044.0,60850728147.0,5209871897.0,340.0,0.0,58612842727.0,815716125.0,199000000000.0
India,1988.0,0.14724160521939753,141424885815.0,76241557134.0,65183328681.0,11058228453.0,366.0,0.0,65546921024.0,833729681.0,216000000000.0
India,1989.0,0.1485232663518848,143623378719.0,77984616586.0,65638762133.0,12345854453.0,353.0,0.0,67907018831.0,852012673.0,207000000000.0
India,1990.0,0.15066877021618627,162981903808.0,92697498831.0,70284404977.0,22413093854.0,373.0,0.0,72994521050.0,870452165.0,221000000000.0
India,1991.0,0.15048654482038082,134859560959.0,68680602881.0,66178958078.0,2501644803.0,323.0,0.0,61553329266.0,888941756.0,195000000000.0
India,1992.0,0.15194748660952231,137534767633.0,73199582720.0,64335184913.0,8864397807.0,319.0,0.0,62929531757.0,907574049.0,193000000000.0
India,1993.0,0.1530224371141951,134750352487.0,68962956305.0,65787396182.0,3175560123.0,306.0,0.0,61660598068.0,926351297.0,188000000000.0
India,1994.0,0.15561369000046163,160463529618.0,87624154302.0,72839375316.0,14784778986.0,342.0,0.0,73548283682.0,945261958.0,212000000000.0
India,1995.0,0.158129851696997,186744857221.0,102000000000.0,84744857221.0,17255142779.0,381.0,0.0,86880347883.0,964279129.0,237000000000.0
India,1996.0,0.15968870852224204,188230615572.0,101000000000.0,87230615572.0,13769384428.0,397.0,0.0,89610260202.0,983281218.0,254000000000.0
India,1997.0,0.1620643128186868,217208358177.0,118000000000.0,99208358177.0,18791641823.0,421.0,0.0,94633528095.0,1002335230.0,272000000000.0
India,1998.0,0.16318415839291195,216000000000.0,112000000000.0,104000000000.0,8000000000.0,417.0,0.0,92061657695.0,1021434576.0,274000000000.0
India,1999.0,0.16569914465460797,252000000000.0,133000000000.0,119000000000.0,14000000000.0,440.0,0.0,93042369689.0,1040500054.0,296000000000.0
India,2000.0,0.16694791059976935,248000000000.0,125000000000.0,123000000000.0,2000000000.0,445.0,0.0,98618437862.0,1059633675.0,303000000000.0
India,2001.0,0.16866410494770637,261000000000.0,129000000000.0,132000000000.0,-3000000000.0,451.0,0.0,99344357150.0,1078970907.0,315000000000.0
India,2002.0,0.17062767427498188,278000000000.0,137000000000.0,141000000000.0,-4000000000.0,464.0,0.0,107000000000.0,1098313039.0,323000000000.0
India,2003.0,0.17435814278285205,336000000000.0,174000000000.0,162000000000.0,12000000000.0,533.0,0.0,122000000000.0,1117415123.0,369000000000.0
India,2004.0,0.1796897105258655,441000000000.0,247000000000.0,194000000000.0,53000000000.0,614.0,0.0,149000000000.0,1136264583.0,410000000000.0
India,2005.0,0.18448941025113422,528000000000.0,300000000000.0,228000000000.0,72000000000.0,708.0,0.0,176000000000.0,1154638713.0,473000000000.0
India,2006.0,0.18869226957689952,594000000000.0,338000000000.0,256000000000.0,82000000000.0,795.0,0.0,212000000000.0,1172373788.0,527000000000.0
India,2007.0,0.19770659613163408,791000000000.0,464000000000.0,327000000000.0,137000000000.0,992.0,0.0,261000000000.0,1189691809.0,661000000000.0
India,2008.0,0.20104841994369593,860000000000.0,486000000000.0,374000000000.0,112000000000.0,1044.0,0.0,279000000000.0,1206734806.0,718000000000.0
India,2009.0,0.2038392650237241,907000000000.0,511000000000.0,396000000000.0,115000000000.0,1068.0,0.0,295000000000.0,1223640160.0,736000000000.0
India,2010.0,0.21511736942706097,1155000000000.0,664000000000.0,491000000000.0,173000000000.0,1331.0,0.0,375000000000.0,1240613620.0,914000000000.0
India,2011.0,0.22162262938734512,1289000000000.0,741000000000.0,548000000000.0,193000000000.0,1475.0,0.0,398000000000.0,1257621191.0,1050000000000.0
India,2012.0,0.2215700795058951,1264000000000.0,714000000000.0,550000000000.0,164000000000.0,1443.0,0.0,388000000000.0,1274487215.0,1050000000000.0
India,2013.0,0.22120645596723673,1227000000000.0,652000000000.0,575000000000.0,77000000000.0,1466.0,0.0,387000000000.0,1291132063.0,1110000000000.0
India,2014.0,0.2258061767128353,1332000000000.0,700000000000.0,632000000000.0,68000000000.0,1544.0,0.0,405000000000.0,1307246509.0,1190000000000.0
India,2015.0,0.22813498243751448,1357000000000.0,689000000000.0,668000000000.0,21000000000.0,1604.0,0.0,433000000000.0,1322866505.0,1270000000000.0
India,2016.0,0.23099971762327673,1407000000000.0,691000000000.0,716000000000.0,-25000000000.0,1692.0,0.0,449000000000.0,1338636340.0,1360000000000.0
India,2017.0,0.24062779052593083,1622000000000.0,813000000000.0,809000000000.0,4000000000.0,1917.0,0.0,511000000000.0,1354195680.0,1540000000000.0
India,2018.0,0.2466473553283763,1764000000000.0,894000000000.0,870000000000.0,24000000000.0,1997.0,0.0,532000000000.0,1369003306.0,1640000000000.0
India,2019.0,0.2475171572750533,1796000000000.0,862000000000.0,934000000000.0,-72000000000.0,2041.0,0.0,506000000000.0,1383112050.0,1740000000000.0
India,2020.0,0.24192364362585897,1653000000000.0,745000000000.0,908000000000.0,-163000000000.0,1888.0,0.0,478000000000.0,1396387127.0,1620000000000.0
India,2021.0,0.2587262658227612,2038000000000.0,998000000000.0,1040000000000.0,-42000000000.0,2239.0,0.0,596000000000.0,1407563842.0,1910000000000.0
Israel,1970.0,0.08598654611643805,4026588827.0,1795575365.0,2231013462.0,-435438097.0,2005.0,0.0,1684669407.0,2907307.0,3214161331.0
Israel,1971.0,0.0861220359102909,4386774498.0,2078433535.0,2308340963.0,-229907428.0,2059.0,0.0,1756290277.0,3018583.0,3159013449.0
Israel,1972.0,0.0873455756382943,5732295525.0,2736874729.0,2995420796.0,-258546067.0,2605.0,0.0,2200358206.0,3120950.0,4032607601.0
Israel,1973.0,0.08880267174948929,7824118577.0,3614253178.0,4209865399.0,-595612221.0,3253.0,0.0,2663229907.0,3214274.0,5220928831.0
Israel,1974.0,0.09112043145163355,10293815611.0,4651077602.0,5642738009.0,-991660407.0,4292.0,0.0,3489567880.0,3303720.0,7340532529.0
Israel,1975.0,0.09069080795784551,10234629396.0,4613125191.0,5621504205.0,-1008379014.0,4091.0,0.0,3348325451.0,3388086.0,7274295117.0
Israel,1976.0,0.09096555970748996,10108375160.0,4080032592.0,6028342568.0,-1948309976.0,4218.0,0.0,3822348966.0,3468120.0,7859836993.0
Israel,1977.0,0.09161201885387033,11005439887.0,4057316591.0,6948123296.0,-2890806705.0,4509.0,0.0,4148519868.0,3541374.0,8458580762.0
Israel,1978.0,0.09125249488244074,11057133333.0,4387686776.0,6669446557.0,-2281759781.0,4336.0,0.0,3951610040.0,3608733.0,8434974730.0
Israel,1979.0,0.09387567060198479,15389687080.0,5834511005.0,9555176075.0,-3720665070.0,5507.0,0.0,4400242303.0,3675789.0,10987622792.0
Israel,1980.0,0.09514103624751519,16060309086.0,5779693064.0,10280616022.0,-4500922958.0,6085.0,0.0,4945658181.0,3744608.0,11888186304.0
Israel,1981.0,0.09583170420318807,16857512856.0,5778187362.0,11079325494.0,-5301138132.0,6388.0,0.0,6064958675.0,3816745.0,13013297582.0
Israel,1982.0,0.0967811888335176,18712466271.0,6879961429.0,11832504842.0,-4952543413.0,6796.0,0.0,6478778918.0,3892839.0,14633328760.0
Israel,1983.0,0.09815527025079225,20628877352.0,7809901486.0,12818975866.0,-5009074380.0,7398.0,0.0,7345903765.0,3979093.0,16762002627.0
Israel,1984.0,0.09636869102415295,19368780271.0,6846417387.0,12522362884.0,-5675945497.0,6588.0,0.0,7396259031.0,4077001.0,14693979793.0
Israel,1985.0,0.09509362088349187,16790648393.0,5480272328.0,11310376065.0,-5830103737.0,6027.0,0.0,6328127957.0,4182681.0,14597001909.0
Israel,1986.0,0.09812888649491859,19762008071.0,6668638409.0,13093369662.0,-6424731253.0,7383.0,0.0,7253430775.0,4295405.0,19496217081.0
Israel,1987.0,0.1011392424986897,24884897338.0,8162125881.0,16722771457.0,-8560645576.0,8710.0,0.0,9157601998.0,4412030.0,23813087781.0
Israel,1988.0,0.10507790781945395,30520123109.0,9481713607.0,21038409502.0,-11556695895.0,10469.0,0.0,10803060989.0,4535396.0,28921810172.0
Israel,1989.0,0.10447412832022962,31152170304.0,9120626856.0,22031543448.0,-12910916592.0,10183.0,0.0,11095850666.0,4666782.0,29025360643.0
Israel,1990.0,0.1081448763592288,37457702252.0,12067008123.0,25390694129.0,-13323686006.0,11796.0,0.0,12471253830.0,4803254.0,33624954343.0
Israel,1991.0,0.11156498697981182,46298036252.0,17890498636.0,28407537616.0,-10517038980.0,13251.0,0.0,13280271548.0,4942812.0,37430001076.0
Israel,1992.0,0.11418669301997303,51219274724.0,19842117602.0,31377157122.0,-11535039520.0,14393.0,0.0,14972554684.0,5079389.0,41544850221.0
Israel,1993.0,0.11359028690418362,53009286244.0,20437078044.0,32572208200.0,-12135130156.0,14089.0,0.0,15115984203.0,5212998.0,42817676544.0
Israel,1994.0,0.1170217494918385,61286752594.0,22675336837.0,38611415757.0,-15936078920.0,15587.0,0.0,16342219009.0,5346292.0,49123422904.0
Israel,1995.0,0.12220764878336629,71370789441.0,26254819477.0,45115969964.0,-18861150487.0,17877.0,0.0,17613594538.0,5478734.0,55646003027.0
Israel,1996.0,0.12490421376492704,77968189803.0,28795597575.0,49172592228.0,-20376994653.0,19039.0,0.0,19436318836.0,5612494.0,59712839096.0
Israel,1997.0,0.12552526837934946,79884913636.0,28733083016.0,51151830620.0,-22418747604.0,19303.0,0.0,20632657432.0,5743283.0,61028996999.0
Israel,1998.0,0.125053732548424,78916740205.0,27040555042.0,51876185163.0,-24835630121.0,19099.0,0.0,21031930563.0,5869504.0,61864269521.0
Israel,1999.0,0.12425922470309961,80156115107.0,27793231920.0,52362883187.0,-24569651267.0,18706.0,0.0,21121592818.0,5994088.0,62476234662.0
Israel,2000.0,0.12795842035695032,87396232268.0,30427482170.0,56968750098.0,-26541267928.0,20304.0,0.0,24567942515.0,6116958.0,70031073537.0
Israel,2001.0,0.12748978746396566,88669806992.0,29565634373.0,59104172619.0,-29538538246.0,20099.0,0.0,22745517243.0,6237982.0,71074048768.0
Israel,2002.0,0.12351815725762566,81386600881.0,25292448434.0,56094152447.0,-30801704013.0,18364.0,0.0,20544158934.0,6356693.0,66904098062.0
Israel,2003.0,0.12474191681398407,83466524405.0,24961933782.0,58504590623.0,-33542656841.0,18909.0,0.0,21216503151.0,6475913.0,70014407739.0
Israel,2004.0,0.12716294629863525,89000941911.0,26937154965.0,62063786946.0,-35126631981.0,19954.0,0.0,22528134313.0,6595986.0,75149557919.0
Israel,2005.0,0.1297364373782501,94599814988.0,29507347305.0,65092467683.0,-35585120378.0,21063.0,0.0,24475773975.0,6714124.0,78817486329.0
Israel,2006.0,0.1329979512304429,102738186508.0,31856270733.0,70881915775.0,-39025645042.0,22472.0,0.0,26778919451.0,6832077.0,85234663699.0
Israel,2007.0,0.14057034525867074,120864082996.0,38532001121.0,82332081875.0,-43800080754.0,25737.0,0.0,31297631686.0,6952003.0,101000000000.0
Israel,2008.0,0.15045616764669278,145196542473.0,44196542473.0,101000000000.0,-56803457527.0,30037.0,0.0,36330266433.0,7074522.0,124000000000.0
Israel,2009.0,0.14616877038730872,136508197943.0,38501276697.0,98006921246.0,-59505644549.0,28196.0,0.0,33601028013.0,7199703.0,117000000000.0
Israel,2010.0,0.15364618940943592,155393808811.0,44393808811.0,111000000000.0,-66606191189.0,31427.0,0.0,37693728571.0,7328445.0,133000000000.0
Israel,2011.0,0.16134153034035634,179300641778.0,55300641778.0,124000000000.0,-68699358222.0,34689.0,0.0,39671260910.0,7459749.0,149000000000.0
Israel,2012.0,0.1580378058768409,179236675987.0,55236675987.0,124000000000.0,-68763324013.0,33165.0,0.0,39337747186.0,7592106.0,145000000000.0
Israel,2013.0,0.16743074853347517,199226858615.0,59226858615.0,140000000000.0,-80773141385.0,37302.0,0.0,43561324358.0,7726676.0,163000000000.0
Israel,2014.0,0.17208355185893504,211871515697.0,63871515697.0,148000000000.0,-84128484303.0,39302.0,0.0,45616253018.0,7863846.0,172000000000.0
Israel,2015.0,0.16716313936592678,201502087964.0,59502087964.0,142000000000.0,-82497912036.0,37152.0,0.0,43513522312.0,8007778.0,164000000000.0
Israel,2016.0,0.17104745713536784,218910082575.0,66910082575.0,152000000000.0,-85089917425.0,38747.0,0.0,43319781141.0,8159009.0,175000000000.0
Israel,2017.0,0.1798822352272737,247045515172.0,75045515172.0,172000000000.0,-96954484828.0,42542.0,0.0,46307879215.0,8309257.0,194000000000.0
Israel,2018.0,0.18379892141581528,261852557935.0,81852557935.0,180000000000.0,-98147442065.0,44152.0,0.0,48871839202.0,8456483.0,204000000000.0
Israel,2019.0,0.18803514465006654,274813523534.0,84813523534.0,190000000000.0,-105186476466.0,45968.0,0.0,51261213407.0,8607919.0,215000000000.0
Israel,2020.0,0.18828195483686694,286038965313.0,90038965313.0,196000000000.0,-105961034687.0,46012.0,0.0,52592539252.0,8757489.0,202000000000.0
Israel,2021.0,0.20543657399582785,339000000000.0,110000000000.0,229000000000.0,-119000000000.0,53302.0,0.0,60085309574.0,8900059.0,243000000000.0
Japan,1970.0,0.09905606159864401,137518879837.0,87370670739.0,50148209098.0,37222461641.0,2015.0,0.0,80829448615.0,105416839.0,98881949459.0
Japan,1971.0,0.10013319501518671,150690537435.0,90431127311.0,60259410124.0,30171717187.0,2248.0,0.0,89301211872.0,106789355.0,114000000000.0
Japan,1972.0,0.10378130745952543,202397695408.0,119000000000.0,83397695408.0,35602304592.0,2942.0,0.0,115000000000.0,108220404.0,153000000000.0
Japan,1973.0,0.1095176035509703,285000000000.0,173000000000.0,112000000000.0,61000000000.0,3944.0,0.0,158000000000.0,109679470.0,206000000000.0
Japan,1974.0,0.11149791537561803,314000000000.0,188000000000.0,126000000000.0,62000000000.0,4314.0,0.0,168000000000.0,111100023.0,232000000000.0
Japan,1975.0,0.11241112513136557,323000000000.0,180000000000.0,143000000000.0,37000000000.0,4639.0,0.0,167000000000.0,112411640.0,265000000000.0
Japan,1976.0,0.115131129894882,358000000000.0,197000000000.0,161000000000.0,36000000000.0,5159.0,0.0,191000000000.0,113624865.0,300000000000.0
Japan,1977.0,0.12068772520649174,436000000000.0,234000000000.0,202000000000.0,32000000000.0,6290.0,0.0,231000000000.0,114761516.0,370000000000.0
Japan,1978.0,0.13334344310635993,620000000000.0,330000000000.0,290000000000.0,40000000000.0,8765.0,0.0,323000000000.0,115809525.0,520000000000.0
Japan,1979.0,0.13577953322278935,671000000000.0,361000000000.0,310000000000.0,51000000000.0,9056.0,0.0,331000000000.0,116765509.0,551000000000.0
Japan,1980.0,0.13805131062689127,726000000000.0,375000000000.0,351000000000.0,24000000000.0,9404.0,0.0,352000000000.0,117624196.0,579000000000.0
Japan,1981.0,0.1422936211926209,786000000000.0,399000000000.0,387000000000.0,12000000000.0,10290.0,0.0,387000000000.0,118385723.0,633000000000.0
Japan,1982.0,0.13826039590826272,726000000000.0,358000000000.0,368000000000.0,-10000000000.0,9540.0,0.0,358000000000.0,119098142.0,602000000000.0
Japan,1983.0,0.14233474796717133,787000000000.0,375000000000.0,412000000000.0,-37000000000.0,10404.0,0.0,393000000000.0,119793752.0,665000000000.0
Japan,1984.0,0.14552879492541626,837000000000.0,396000000000.0,441000000000.0,-45000000000.0,10978.0,0.0,428000000000.0,120470727.0,697000000000.0
Japan,1985.0,0.14889366242657168,898000000000.0,420000000000.0,478000000000.0,-58000000000.0,11606.0,0.0,453000000000.0,121119031.0,735000000000.0
Japan,1986.0,0.17706191639418656,1343000000000.0,623000000000.0,720000000000.0,-97000000000.0,17159.0,0.0,656000000000.0,121710305.0,1080000000000.0
Japan,1987.0,0.19677423027920743,1676000000000.0,784000000000.0,892000000000.0,-108000000000.0,20852.0,0.0,780000000000.0,122268885.0,1320000000000.0
Japan,1988.0,0.2215220867206648,2100000000000.0,1020000000000.0,1080000000000.0,-60000000000.0,25189.0,0.0,935000000000.0,122798302.0,1580000000000.0
Japan,1989.0,0.2209658370173528,2100000000000.0,1030000000000.0,1070000000000.0,-40000000000.0,24976.0,0.0,921000000000.0,123270648.0,1560000000000.0
Japan,1990.0,0.224857990265092,2160000000000.0,1080000000000.0,1080000000000.0,0.0,25523.0,0.0,942000000000.0,123686321.0,1600000000000.0
Japan,1991.0,0.2435992159717866,2460000000000.0,1230000000000.0,1230000000000.0,0.0,29095.0,0.0,1070000000000.0,124073993.0,1820000000000.0
Japan,1992.0,0.2547235289521956,2660000000000.0,1270000000000.0,1390000000000.0,-120000000000.0,31682.0,0.0,1130000000000.0,124444693.0,2010000000000.0
Japan,1993.0,0.2748607784491758,3030000000000.0,1370000000000.0,1660000000000.0,-290000000000.0,36014.0,0.0,1240000000000.0,124779576.0,2340000000000.0
Japan,1994.0,0.2946089468922636,3420000000000.0,1530000000000.0,1890000000000.0,-360000000000.0,39552.0,0.0,1330000000000.0,125119269.0,2640000000000.0
Japan,1995.0,0.31923236654238835,3800000000000.0,1720000000000.0,2080000000000.0,-360000000000.0,44587.0,0.0,1480000000000.0,125433969.0,2920000000000.0
Japan,1996.0,0.29563100443776835,3450000000000.0,1580000000000.0,1870000000000.0,-290000000000.0,39632.0,0.0,1310000000000.0,125726223.0,2580000000000.0
Japan,1997.0,0.2762416930317598,3120000000000.0,1400000000000.0,1720000000000.0,-320000000000.0,36114.0,0.0,1200000000000.0,126027985.0,2360000000000.0
Japan,1998.0,0.25735578513547863,2810000000000.0,1210000000000.0,1600000000000.0,-390000000000.0,32848.0,0.0,1080000000000.0,126308390.0,2170000000000.0
Japan,1999.0,0.2772384828326014,3140000000000.0,1310000000000.0,1830000000000.0,-520000000000.0,37082.0,0.0,1200000000000.0,126555063.0,2510000000000.0
Japan,2000.0,0.29091067227744266,3410000000000.0,1410000000000.0,2000000000000.0,-590000000000.0,39748.0,0.0,1280000000000.0,126803861.0,2670000000000.0
Japan,2001.0,0.2653787522453666,3000000000000.0,1210000000000.0,1790000000000.0,-580000000000.0,34964.0,0.0,1080000000000.0,127065731.0,2380000000000.0
Japan,2002.0,0.25476560181344055,2830000000000.0,1080000000000.0,1750000000000.0,-670000000000.0,33337.0,0.0,1010000000000.0,127301750.0,2300000000000.0
Japan,2003.0,0.2678339388012218,3070000000000.0,1160000000000.0,1910000000000.0,-750000000000.0,36020.0,0.0,1090000000000.0,127502352.0,2480000000000.0
Japan,2004.0,0.28251126196119886,3310000000000.0,1250000000000.0,2060000000000.0,-810000000000.0,39066.0,0.0,1190000000000.0,127671288.0,2680000000000.0
Japan,2005.0,0.2814575659216197,3310000000000.0,1260000000000.0,2050000000000.0,-790000000000.0,38644.0,0.0,1180000000000.0,127798373.0,2650000000000.0
Japan,2006.0,0.2728564954427229,3180000000000.0,1200000000000.0,1980000000000.0,-780000000000.0,36939.0,0.0,1120000000000.0,127902167.0,2530000000000.0
Japan,2007.0,0.27195961494592935,3160000000000.0,1180000000000.0,1980000000000.0,-800000000000.0,36874.0,0.0,1130000000000.0,128006426.0,2510000000000.0
Japan,2008.0,0.2926083291736455,3550000000000.0,1320000000000.0,2230000000000.0,-910000000000.0,40943.0,0.0,1220000000000.0,128077633.0,2850000000000.0
Japan,2009.0,0.2934738499927576,3610000000000.0,1200000000000.0,2410000000000.0,-1210000000000.0,42324.0,0.0,1170000000000.0,128117042.0,3050000000000.0
Japan,2010.0,0.312032287256112,3860000000000.0,1300000000000.0,2560000000000.0,-1260000000000.0,46153.0,0.0,1360000000000.0,128105431.0,3280000000000.0
Japan,2011.0,0.3317729463364913,4290000000000.0,1470000000000.0,2820000000000.0,-1350000000000.0,50110.0,0.0,1370000000000.0,128007257.0,3570000000000.0
Japan,2012.0,0.33445834260654295,4340000000000.0,1510000000000.0,2830000000000.0,-1320000000000.0,50413.0,0.0,1370000000000.0,127853688.0,3620000000000.0
Japan,2013.0,0.2945199965422435,3620000000000.0,1270000000000.0,2350000000000.0,-1080000000000.0,42228.0,0.0,1130000000000.0,127678924.0,3030000000000.0
Japan,2014.0,0.2839979732673958,3420000000000.0,1230000000000.0,2190000000000.0,-960000000000.0,39843.0,0.0,1090000000000.0,127476735.0,2820000000000.0
Japan,2015.0,0.26644348932042927,3080000000000.0,1120000000000.0,1960000000000.0,-840000000000.0,36304.0,0.0,1040000000000.0,127250933.0,2480000000000.0
Japan,2016.0,0.2869396097138791,3450000000000.0,1240000000000.0,2210000000000.0,-970000000000.0,40772.0,0.0,1160000000000.0,126993857.0,2740000000000.0
Japan,2017.0,0.2851984856556704,3400000000000.0,1240000000000.0,2160000000000.0,-920000000000.0,40369.0,0.0,1160000000000.0,126662472.0,2690000000000.0
Japan,2018.0,0.2909535428591576,3510000000000.0,1290000000000.0,2220000000000.0,-930000000000.0,41429.0,0.0,1190000000000.0,126255866.0,2760000000000.0
Japan,2019.0,0.29462001293418194,3590000000000.0,1320000000000.0,2270000000000.0,-950000000000.0,42320.0,0.0,1190000000000.0,125791677.0,2790000000000.0
Japan,2020.0,0.29071138151062664,3580000000000.0,1280000000000.0,2300000000000.0,-1020000000000.0,41701.0,0.0,1160000000000.0,125244761.0,2710000000000.0
Japan,2021.0,0.28705501033134817,3460000000000.0,1250000000000.0,2210000000000.0,-960000000000.0,41162.0,0.0,1150000000000.0,124612530.0,2660000000000.0
Russian Federation,1990.0,0.1139390683395516,269195436140.0,184000000000.0,85195436140.0,98804563860.0,3870.0,0.0003820229999999999,213000000000.0,148005704.0,279000000000.0
Russian Federation,1991.0,0.1148233723556819,303762526769.0,217000000000.0,86762526769.0,130237473231.0,3789.0,0.000566565,216000000000.0,148455402.0,248000000000.0
Russian Federation,1992.0,0.12969195299362232,246729621451.0,181000000000.0,65729621451.0,115270378549.0,3241.0,0.18609937699999998,181000000000.0,148725601.0,170000000000.0
Russian Federation,1993.0,0.17403496195436388,214278537610.0,132000000000.0,82278537610.0,49721462390.0,3040.0,0.6440702919999999,156000000000.0,148897270.0,203000000000.0
Russian Federation,1994.0,0.1882210316593423,188313224417.0,111000000000.0,77313224417.0,33686775583.0,2730.0,0.8025398829999999,137000000000.0,148829113.0,191000000000.0
Russian Federation,1995.0,0.206084310994153,183643968192.0,109000000000.0,74643968192.0,34356031808.0,2674.0,0.9829347249999998,113000000000.0,148557451.0,208000000000.0
Russian Federation,1996.0,0.10553137854198759,167381355774.0,99231706101.0,68149649673.0,31082056428.0,2622.0,0.0,115000000000.0,148233411.0,204000000000.0
Russian Federation,1997.0,0.10582474200640118,175174891574.0,95150682862.0,80024208712.0,15126474150.0,2694.0,0.0,118000000000.0,147939972.0,222000000000.0
Russian Federation,1998.0,0.100408111256812,99806346297.0,43349984604.0,56456361693.0,-13106377089.0,1764.0,0.0,79817051462.0,147672728.0,156000000000.0
Russian Federation,1999.0,0.09788123577060782,68043158941.0,31065396797.0,36977762144.0,-5912365347.0,1284.0,0.0,57630723197.0,147336388.0,105000000000.0
Russian Federation,2000.0,0.1001512710608138,100939702212.0,51912544565.0,49027157647.0,2885386918.0,1733.0,0.0,76552592429.0,146844839.0,120000000000.0
Russian Federation,2001.0,0.10213212839653624,138678366189.0,71960368914.0,66717997275.0,5242371639.0,2080.0,0.0,82393513864.0,146235530.0,151000000000.0
Russian Federation,2002.0,0.1031419730039181,158041259385.0,73989315649.0,84051943736.0,-10062628087.0,2341.0,0.0,85358150043.0,145590136.0,176000000000.0
Russian Federation,2003.0,0.10598490164927521,202976907434.0,95976907434.0,107000000000.0,-11023092566.0,2903.0,0.0,102000000000.0,144946723.0,218000000000.0
Russian Federation,2004.0,0.11169536427754283,268000000000.0,132000000000.0,136000000000.0,-4000000000.0,4033.0,0.0,160000000000.0,144353636.0,298000000000.0
Russian Federation,2005.0,0.1174966770441246,341000000000.0,164000000000.0,177000000000.0,-13000000000.0,5214.0,0.0,218000000000.0,143800049.0,382000000000.0
Russian Federation,2006.0,0.12534988325489857,460000000000.0,224000000000.0,236000000000.0,-12000000000.0,6737.0,0.0,274000000000.0,143338669.0,483000000000.0
Russian Federation,2007.0,0.1375554918846439,659000000000.0,336000000000.0,323000000000.0,13000000000.0,8921.0,0.0,347000000000.0,143117693.0,633000000000.0
Russian Federation,2008.0,0.15102485508753388,872000000000.0,453000000000.0,419000000000.0,34000000000.0,11381.0,0.0,428000000000.0,143086549.0,811000000000.0
Russian Federation,2009.0,0.1327456378319133,609000000000.0,247000000000.0,362000000000.0,-115000000000.0,8346.0,0.0,297000000000.0,143163643.0,667000000000.0
Russian Federation,2010.0,0.1447198404733684,791000000000.0,369000000000.0,422000000000.0,-53000000000.0,10410.0,0.0,378000000000.0,143242599.0,785000000000.0
Russian Federation,2011.0,0.1623689028933379,1139000000000.0,496000000000.0,643000000000.0,-147000000000.0,13851.0,0.0,465000000000.0,143364543.0,1030000000000.0
Russian Federation,2012.0,0.16851271199011897,1263000000000.0,542000000000.0,721000000000.0,-179000000000.0,14900.0,0.0,495000000000.0,143629362.0,1140000000000.0
Russian Federation,2013.0,0.17059608636182513,1317000000000.0,533000000000.0,784000000000.0,-251000000000.0,15369.0,0.0,504000000000.0,143956866.0,1220000000000.0
Russian Federation,2014.0,0.1616255125653619,1146000000000.0,461000000000.0,685000000000.0,-224000000000.0,13801.0,0.0,449000000000.0,144285070.0,1090000000000.0
Russian Federation,2015.0,0.1382177820831523,763000000000.0,302000000000.0,461000000000.0,-159000000000.0,9164.0,0.0,319000000000.0,144668389.0,711000000000.0
Russian Federation,2016.0,0.13571475354081322,734000000000.0,295000000000.0,439000000000.0,-144000000000.0,8554.0,0.0,291000000000.0,145109157.0,678000000000.0
Russian Federation,2017.0,0.14645925845763827,902000000000.0,372000000000.0,530000000000.0,-158000000000.0,10534.0,0.0,376000000000.0,145452536.0,829000000000.0
Russian Federation,2018.0,0.14818481314862061,896000000000.0,363000000000.0,533000000000.0,-170000000000.0,11101.0,0.0,419000000000.0,145652293.0,836000000000.0
Russian Federation,2019.0,0.14990482346720252,936000000000.0,384000000000.0,552000000000.0,-168000000000.0,11250.0,0.0,425000000000.0,145742286.0,874000000000.0
Russian Federation,2020.0,0.14338769308184085,850000000000.0,348000000000.0,502000000000.0,-154000000000.0,9987.0,0.0,355000000000.0,145617329.0,783000000000.0
Russian Federation,2021.0,0.15298373289629072,965000000000.0,399000000000.0,566000000000.0,-167000000000.0,11960.0,0.0,468000000000.0,145102755.0,894000000000.0
USSR (Former),1970.0,0.11353690355147596,266000000000.0,155000000000.0,111000000000.0,44000000000.0,1804.0,0.0,165000000000.0,240269771.0,205000000000.0
USSR (Former),1971.0,0.11433443687843638,277000000000.0,160000000000.0,117000000000.0,43000000000.0,1880.0,0.0,174000000000.0,242289040.0,216000000000.0
USSR (Former),1972.0,0.1162737249059717,306000000000.0,171000000000.0,135000000000.0,36000000000.0,2110.0,0.0,199000000000.0,244460015.0,249000000000.0
USSR (Former),1973.0,0.12022264617033827,379000000000.0,218000000000.0,161000000000.0,57000000000.0,2505.0,0.0,234000000000.0,246597630.0,290000000000.0
USSR (Former),1974.0,0.12013712441885042,368000000000.0,210000000000.0,158000000000.0,52000000000.0,2479.0,0.0,241000000000.0,248772105.0,292000000000.0
USSR (Former),1975.0,0.12220863231616791,404000000000.0,221000000000.0,183000000000.0,38000000000.0,2732.0,0.0,264000000000.0,251048606.0,331000000000.0
USSR (Former),1976.0,0.12243906402544594,406000000000.0,225000000000.0,181000000000.0,44000000000.0,2718.0,0.0,263000000000.0,253354772.0,329000000000.0
USSR (Former),1977.0,0.12408998509318192,429000000000.0,239000000000.0,190000000000.0,49000000000.0,2888.0,0.0,280000000000.0,255676477.0,354000000000.0
USSR (Former),1978.0,0.12765562653967605,489000000000.0,272000000000.0,217000000000.0,55000000000.0,3257.0,0.0,322000000000.0,257977776.0,401000000000.0
USSR (Former),1979.0,0.12922573841272825,505000000000.0,275000000000.0,230000000000.0,45000000000.0,3466.0,0.0,345000000000.0,260165382.0,439000000000.0
USSR (Former),1980.0,0.1301319993704124,512000000000.0,272000000000.0,240000000000.0,32000000000.0,3585.0,0.0,361000000000.0,262243102.0,467000000000.0
USSR (Former),1981.0,0.12895585421529426,490000000000.0,259000000000.0,231000000000.0,28000000000.0,3431.0,0.0,344000000000.0,264313541.0,452000000000.0
USSR (Former),1982.0,0.1316941155207294,546000000000.0,304000000000.0,242000000000.0,62000000000.0,3602.0,0.0,365000000000.0,266498529.0,461000000000.0
USSR (Former),1983.0,0.1324970899732819,571000000000.0,321000000000.0,250000000000.0,71000000000.0,3693.0,0.0,344000000000.0,268911386.0,472000000000.0
USSR (Former),1984.0,0.1309253129145995,545000000000.0,308000000000.0,237000000000.0,71000000000.0,3457.0,0.0,322000000000.0,271399586.0,443000000000.0
USSR (Former),1985.0,0.1299264163798876,526000000000.0,292000000000.0,234000000000.0,58000000000.0,3338.0,0.0,310000000000.0,273834304.0,434000000000.0
USSR (Former),1986.0,0.15113441172895875,497000000000.0,272000000000.0,225000000000.0,47000000000.0,3079.0,0.22903744400000003,275000000000.0,276502237.0,402000000000.0
USSR (Former),1987.0,0.1665354024247071,476000000000.0,257000000000.0,219000000000.0,38000000000.0,2865.0,0.3936237789999999,261000000000.0,279366930.0,377000000000.0
USSR (Former),1988.0,0.17756342222114516,466000000000.0,247000000000.0,219000000000.0,28000000000.0,2779.0,0.50987502,241000000000.0,282085934.0,368000000000.0
USSR (Former),1989.0,0.18182123648926085,400000000000.0,177000000000.0,223000000000.0,-46000000000.0,2750.0,0.5771478940000001,234000000000.0,284368230.0,371000000000.0
USSR (Former),1990.0,0.18860572465041642,452000000000.0,227000000000.0,225000000000.0,2000000000.0,2763.0,0.625091229,225000000000.0,286184425.0,373000000000.0
United Kingdom,1970.0,0.0938050366062344,77923131855.0,31717018671.0,46206113184.0,-14489094513.0,2546.0,0.0,41646337553.0,55650166.0,88390537411.0
United Kingdom,1971.0,0.09487345838944121,88744088868.0,35087631824.0,53656457044.0,-18568825220.0,2862.0,0.0,46406509064.0,55875903.0,100000000000.0
United Kingdom,1972.0,0.09626275142775807,102650299085.0,39213424166.0,63436874919.0,-24223450753.0,3272.0,0.0,52640800306.0,56057315.0,117000000000.0
United Kingdom,1973.0,0.09800097192113663,125912681672.0,52099756842.0,73812924830.0,-21713167988.0,3706.0,0.0,58766843981.0,56166630.0,131000000000.0
United Kingdom,1974.0,0.09907397513045445,139194813724.0,56905032252.0,82289781472.0,-25384749220.0,4000.0,0.0,62844077538.0,56233776.0,144000000000.0
United Kingdom,1975.0,0.1012110739178095,156761626985.0,57583125116.0,99178501869.0,-41595376753.0,4739.0,0.0,72644018842.0,56266842.0,168000000000.0
United Kingdom,1976.0,0.10079147367296222,156428321464.0,60318589268.0,96109732196.0,-35791142928.0,4561.0,0.0,70803537946.0,56263232.0,159000000000.0
United Kingdom,1977.0,0.10258569596128303,175572259009.0,66572259009.0,109000000000.0,-42427740991.0,5089.0,0.0,80650912845.0,56244840.0,176000000000.0
United Kingdom,1978.0,0.1072373344381746,221920214826.0,82920214826.0,139000000000.0,-56079785174.0,6471.0,0.0,104000000000.0,56240768.0,223000000000.0
United Kingdom,1979.0,0.1138064372445651,290000000000.0,109000000000.0,181000000000.0,-72000000000.0,8367.0,0.0,136000000000.0,56265154.0,292000000000.0
United Kingdom,1980.0,0.1210247223519297,354000000000.0,121000000000.0,233000000000.0,-112000000000.0,10662.0,0.0,176000000000.0,56326328.0,372000000000.0
United Kingdom,1981.0,0.11887418714803685,330000000000.0,104000000000.0,226000000000.0,-122000000000.0,10129.0,0.0,165000000000.0,56395846.0,358000000000.0
United Kingdom,1982.0,0.11731908645639004,320000000000.0,103000000000.0,217000000000.0,-114000000000.0,9615.0,0.0,154000000000.0,56450133.0,341000000000.0
United Kingdom,1983.0,0.1159835532362354,312000000000.0,103000000000.0,209000000000.0,-106000000000.0,9170.0,0.0,144000000000.0,56501612.0,325000000000.0
United Kingdom,1984.0,0.11438222996882356,301000000000.0,102000000000.0,199000000000.0,-97000000000.0,8642.0,0.0,133000000000.0,56568253.0,307000000000.0
United Kingdom,1985.0,0.11580353222754096,320000000000.0,107000000000.0,213000000000.0,-106000000000.0,9042.0,0.0,139000000000.0,56643045.0,324000000000.0
United Kingdom,1986.0,0.12279640569324024,391000000000.0,130000000000.0,261000000000.0,-131000000000.0,11148.0,0.0,164000000000.0,56721909.0,410000000000.0
United Kingdom,1987.0,0.13142175155808866,485000000000.0,168000000000.0,317000000000.0,-149000000000.0,13669.0,0.0,192000000000.0,56826322.0,503000000000.0
United Kingdom,1988.0,0.14224332960464683,615000000000.0,230000000000.0,385000000000.0,-155000000000.0,16610.0,0.0,225000000000.0,56952648.0,619000000000.0
United Kingdom,1989.0,0.1428036058292937,633000000000.0,240000000000.0,393000000000.0,-153000000000.0,16678.0,0.0,220000000000.0,57076099.0,625000000000.0
United Kingdom,1990.0,0.15137325583294048,744000000000.0,252000000000.0,492000000000.0,-240000000000.0,19512.0,0.0,235000000000.0,57210442.0,733000000000.0
United Kingdom,1991.0,0.15298174477324153,744000000000.0,225000000000.0,519000000000.0,-294000000000.0,20396.0,0.0,242000000000.0,57359454.0,774000000000.0
United Kingdom,1992.0,0.15543873994042573,771000000000.0,223000000000.0,548000000000.0,-325000000000.0,21245.0,0.0,249000000000.0,57509240.0,812000000000.0
United Kingdom,1993.0,0.14825521764216412,704000000000.0,196000000000.0,508000000000.0,-312000000000.0,19055.0,0.0,220000000000.0,57647463.0,740000000000.0
United Kingdom,1994.0,0.15407338628497264,765000000000.0,222000000000.0,543000000000.0,-321000000000.0,20762.0,0.0,243000000000.0,57785900.0,794000000000.0
United Kingdom,1995.0,0.16045140168307245,852000000000.0,251000000000.0,601000000000.0,-350000000000.0,22564.0,0.0,265000000000.0,57930364.0,857000000000.0
United Kingdom,1996.0,0.16457589760657027,900000000000.0,268000000000.0,632000000000.0,-364000000000.0,23705.0,0.0,282000000000.0,58078586.0,910000000000.0
United Kingdom,1997.0,0.1726176888678778,967000000000.0,276000000000.0,691000000000.0,-415000000000.0,26427.0,0.0,300000000000.0,58250198.0,1030000000000.0
United Kingdom,1998.0,0.17892167285771754,1028000000000.0,301000000000.0,727000000000.0,-426000000000.0,28472.0,0.0,302000000000.0,58438321.0,1100000000000.0
United Kingdom,1999.0,0.1797695487795426,1047000000000.0,304000000000.0,743000000000.0,-439000000000.0,28712.0,0.0,296000000000.0,58635202.0,1120000000000.0
United Kingdom,2000.0,0.1787466202416646,1037000000000.0,305000000000.0,732000000000.0,-427000000000.0,28386.0,0.0,290000000000.0,58850043.0,1100000000000.0
United Kingdom,2001.0,0.17741426261170495,1038000000000.0,299000000000.0,739000000000.0,-440000000000.0,28050.0,0.0,269000000000.0,59092016.0,1090000000000.0
United Kingdom,2002.0,0.1851578203777412,1137000000000.0,326000000000.0,811000000000.0,-485000000000.0,30432.0,0.0,281000000000.0,59355690.0,1180000000000.0
United Kingdom,2003.0,0.1993777819844663,1312000000000.0,369000000000.0,943000000000.0,-574000000000.0,34871.0,0.0,313000000000.0,59649799.0,1340000000000.0
United Kingdom,2004.0,0.218583302297435,1559000000000.0,429000000000.0,1130000000000.0,-701000000000.0,40716.0,0.0,354000000000.0,59995851.0,1580000000000.0
United Kingdom,2005.0,0.22490445619395266,1655000000000.0,455000000000.0,1200000000000.0,-745000000000.0,42579.0,0.0,367000000000.0,60383741.0,1640000000000.0
United Kingdom,2006.0,0.2322785982781737,1795000000000.0,495000000000.0,1300000000000.0,-805000000000.0,44392.0,0.0,387000000000.0,60803700.0,1730000000000.0
United Kingdom,2007.0,0.25170217634763314,2063000000000.0,573000000000.0,1490000000000.0,-917000000000.0,50026.0,0.0,426000000000.0,61260676.0,1970000000000.0
United Kingdom,2008.0,0.24100428051671927,1933000000000.0,513000000000.0,1420000000000.0,-907000000000.0,46855.0,0.0,414000000000.0,61742151.0,1870000000000.0
United Kingdom,2009.0,0.21154261590560444,1582000000000.0,362000000000.0,1220000000000.0,-858000000000.0,38514.0,0.0,327000000000.0,62243378.0,1560000000000.0
United Kingdom,2010.0,0.21637848665851744,1634000000000.0,404000000000.0,1230000000000.0,-826000000000.0,39714.0,0.0,344000000000.0,62760039.0,1590000000000.0
United Kingdom,2011.0,0.22467626759432852,1733000000000.0,423000000000.0,1310000000000.0,-887000000000.0,42309.0,0.0,358000000000.0,63286362.0,1710000000000.0
United Kingdom,2012.0,0.22495237075847727,1770000000000.0,430000000000.0,1340000000000.0,-910000000000.0,42019.0,0.0,363000000000.0,63808727.0,1740000000000.0
United Kingdom,2013.0,0.22837167419660895,1829000000000.0,459000000000.0,1370000000000.0,-911000000000.0,42563.0,0.0,377000000000.0,64302297.0,1810000000000.0
United Kingdom,2014.0,0.24295880090096217,2060000000000.0,540000000000.0,1520000000000.0,-980000000000.0,46476.0,0.0,399000000000.0,64773504.0,1980000000000.0
United Kingdom,2015.0,0.235165101278082,1981000000000.0,521000000000.0,1460000000000.0,-939000000000.0,44018.0,0.0,368000000000.0,65224364.0,1890000000000.0
United Kingdom,2016.0,0.22270284491040396,1844000000000.0,484000000000.0,1360000000000.0,-876000000000.0,40157.0,0.0,325000000000.0,65655203.0,1750000000000.0
United Kingdom,2017.0,0.22277367314971883,1832000000000.0,492000000000.0,1340000000000.0,-848000000000.0,40180.0,0.0,327000000000.0,66064804.0,1730000000000.0
United Kingdom,2018.0,0.23184436189383156,1961000000000.0,521000000000.0,1440000000000.0,-919000000000.0,42734.0,0.0,350000000000.0,66432993.0,1870000000000.0
United Kingdom,2019.0,0.23152868858689862,1952000000000.0,522000000000.0,1430000000000.0,-908000000000.0,42766.0,0.0,345000000000.0,66778659.0,1840000000000.0
United Kingdom,2020.0,0.21979271276703402,1887000000000.0,467000000000.0,1420000000000.0,-953000000000.0,39425.0,0.0,323000000000.0,67059474.0,1620000000000.0
United Kingdom,2021.0,0.2433012334473172,2167000000000.0,567000000000.0,1600000000000.0,-1033000000000.0,46338.0,0.0,381000000000.0,67281039.0,1890000000000.0
United States,1970.0,0.1298243115849057,647000000000.0,230000000000.0,417000000000.0,-187000000000.0,5363.0,0.0,289000000000.0,200328340.0,647000000000.0
United States,1971.0,0.1328136863453349,712000000000.0,255000000000.0,457000000000.0,-202000000000.0,5731.0,0.0,305000000000.0,202907917.0,700000000000.0
United States,1972.0,0.1368468816134225,789000000000.0,289000000000.0,500000000000.0,-211000000000.0,6239.0,0.0,336000000000.0,205238390.0,768000000000.0
United States,1973.0,0.1419191560711733,885000000000.0,333000000000.0,552000000000.0,-219000000000.0,6907.0,0.0,375000000000.0,207314764.0,850000000000.0
United States,1974.0,0.14545496746472944,955000000000.0,351000000000.0,604000000000.0,-253000000000.0,7422.0,0.0,402000000000.0,209277968.0,930000000000.0
United States,1975.0,0.14837592686471177,1008000000000.0,342000000000.0,666000000000.0,-324000000000.0,7973.0,0.0,432000000000.0,211274535.0,1030000000000.0
United States,1976.0,0.15556415734603765,1149000000000.0,413000000000.0,736000000000.0,-323000000000.0,8766.0,0.0,491000000000.0,213270022.0,1150000000000.0
United States,1977.0,0.16351406899736565,1314000000000.0,490000000000.0,824000000000.0,-334000000000.0,9667.0,0.0,559000000000.0,215437405.0,1270000000000.0
United States,1978.0,0.17302496069803958,1521000000000.0,584000000000.0,937000000000.0,-353000000000.0,10785.0,0.0,625000000000.0,217881437.0,1420000000000.0
United States,1979.0,0.18194618085028808,1710000000000.0,660000000000.0,1050000000000.0,-390000000000.0,11858.0,0.0,690000000000.0,220463115.0,1590000000000.0
United States,1980.0,0.18778025056767475,1846000000000.0,666000000000.0,1180000000000.0,-514000000000.0,12759.0,0.0,747000000000.0,223140018.0,1750000000000.0
United States,1981.0,0.20007318517611056,2109000000000.0,779000000000.0,1330000000000.0,-551000000000.0,14189.0,0.0,861000000000.0,225654008.0,1930000000000.0
United States,1982.0,0.2023261544066069,2188000000000.0,738000000000.0,1450000000000.0,-712000000000.0,14787.0,0.0,867000000000.0,228001418.0,2070000000000.0
United States,1983.0,0.21075752000097647,2399000000000.0,809000000000.0,1590000000000.0,-781000000000.0,15687.0,0.0,903000000000.0,230389964.0,2280000000000.0
United States,1984.0,0.22709367703319508,2770000000000.0,1010000000000.0,1760000000000.0,-750000000000.0,17323.0,0.0,1010000000000.0,232766280.0,2490000000000.0
United States,1985.0,0.23473376912640065,2970000000000.0,1050000000000.0,1920000000000.0,-870000000000.0,18329.0,0.0,1040000000000.0,235146182.0,2710000000000.0
United States,1986.0,0.2407722262237777,3190000000000.0,1090000000000.0,2100000000000.0,-1010000000000.0,19016.0,0.0,1030000000000.0,237512783.0,2890000000000.0
United States,1987.0,0.24995871550224563,3430000000000.0,1150000000000.0,2280000000000.0,-1130000000000.0,20133.0,0.0,1100000000000.0,239853168.0,3080000000000.0
United States,1988.0,0.2610436566870289,3690000000000.0,1200000000000.0,2490000000000.0,-1290000000000.0,21694.0,0.0,1200000000000.0,242287814.0,3330000000000.0
United States,1989.0,0.2710948468395204,3960000000000.0,1270000000000.0,2690000000000.0,-1420000000000.0,22855.0,0.0,1250000000000.0,244954094.0,3580000000000.0
United States,1990.0,0.2781654187388574,4180000000000.0,1280000000000.0,2900000000000.0,-1620000000000.0,23792.0,0.0,1290000000000.0,248083732.0,3810000000000.0
United States,1991.0,0.280388957932954,4310000000000.0,1240000000000.0,3070000000000.0,-1830000000000.0,24236.0,0.0,1290000000000.0,251560189.0,3940000000000.0
United States,1992.0,0.2898756180808847,4580000000000.0,1310000000000.0,3270000000000.0,-1960000000000.0,25220.0,0.0,1320000000000.0,255175339.0,4200000000000.0
United States,1993.0,0.29991398127244384,4840000000000.0,1400000000000.0,3440000000000.0,-2040000000000.0,26021.0,0.0,1380000000000.0,258779753.0,4450000000000.0
United States,1994.0,0.3140286425454843,5140000000000.0,1550000000000.0,3590000000000.0,-2040000000000.0,27339.0,0.0,1480000000000.0,262273589.0,4720000000000.0
United States,1995.0,0.3251106159498825,5440000000000.0,1630000000000.0,3810000000000.0,-2180000000000.0,28513.0,0.0,1560000000000.0,265660556.0,4960000000000.0
United States,1996.0,0.33810358261421203,5790000000000.0,1750000000000.0,4040000000000.0,-2290000000000.0,29912.0,0.0,1610000000000.0,268984347.0,5240000000000.0
United States,1997.0,0.3543461946321886,6260000000000.0,1920000000000.0,4340000000000.0,-2420000000000.0,31532.0,0.0,1670000000000.0,272395438.0,5540000000000.0
United States,1998.0,0.3696216096347076,6670000000000.0,2080000000000.0,4590000000000.0,-2510000000000.0,33119.0,0.0,1700000000000.0,275835018.0,5880000000000.0
United States,1999.0,0.38753824626826744,7160000000000.0,2260000000000.0,4900000000000.0,-2640000000000.0,34710.0,0.0,1780000000000.0,279181581.0,6280000000000.0
United States,2000.0,0.40755741311047977,7700000000000.0,2430000000000.0,5270000000000.0,-2840000000000.0,36770.0,0.0,1870000000000.0,282398554.0,6770000000000.0
United States,2001.0,0.41080940733798144,7930000000000.0,2350000000000.0,5580000000000.0,-3230000000000.0,37643.0,0.0,1810000000000.0,285470493.0,7070000000000.0
United States,2002.0,0.4176673047084139,8230000000000.0,2370000000000.0,5860000000000.0,-3490000000000.0,38329.0,0.0,1790000000000.0,288350252.0,7350000000000.0
United States,2003.0,0.43250995592316005,8630000000000.0,2490000000000.0,6140000000000.0,-3650000000000.0,39624.0,0.0,1880000000000.0,291109820.0,7740000000000.0
United States,2004.0,0.4576341606414016,9260000000000.0,2770000000000.0,6490000000000.0,-3720000000000.0,41904.0,0.0,2010000000000.0,293947885.0,8230000000000.0
United States,2005.0,0.4845379947363128,9990000000000.0,3050000000000.0,6940000000000.0,-3890000000000.0,44355.0,0.0,2150000000000.0,296842670.0,8770000000000.0
United States,2006.0,0.5086561464931418,10580000000000.0,3250000000000.0,7330000000000.0,-4080000000000.0,46927.0,0.0,2330000000000.0,299753098.0,9280000000000.0
United States,2007.0,0.5211159677104715,10980000000000.0,3270000000000.0,7710000000000.0,-4440000000000.0,48061.0,0.0,2430000000000.0,302743399.0,9750000000000.0
United States,2008.0,0.5213408363323545,11060000000000.0,3110000000000.0,7950000000000.0,-4840000000000.0,48146.0,0.0,2470000000000.0,305694910.0,10100000000000.0
United States,2009.0,0.4939682644642338,10660000000000.0,2570000000000.0,8090000000000.0,-5520000000000.0,46761.0,0.0,2270000000000.0,308512035.0,9890000000000.0
United States,2010.0,0.5160478583737937,11160000000000.0,2810000000000.0,8350000000000.0,-5540000000000.0,48756.0,0.0,2430000000000.0,311182845.0,10300000000000.0
United States,2011.0,0.5339741817018042,11580000000000.0,2970000000000.0,8610000000000.0,-5640000000000.0,50497.0,0.0,2560000000000.0,313876608.0,10700000000000.0
United States,2012.0,0.5557742444229933,12240000000000.0,3240000000000.0,9000000000000.0,-5760000000000.0,52662.0,0.0,2620000000000.0,316651321.0,11000000000000.0
United States,2013.0,0.5728260815310614,12660000000000.0,3430000000000.0,9230000000000.0,-5800000000000.0,53819.0,0.0,2720000000000.0,319375166.0,11400000000000.0
United States,2014.0,0.5947065419659313,13300000000000.0,3650000000000.0,9650000000000.0,-6000000000000.0,56029.0,0.0,2820000000000.0,322033964.0,11800000000000.0
United States,2015.0,0.6126542017836424,13960000000000.0,3860000000000.0,10100000000000.0,-6240000000000.0,57488.0,0.0,2740000000000.0,324607776.0,12300000000000.0
United States,2016.0,0.6183175649443682,14240000000000.0,3840000000000.0,10400000000000.0,-6560000000000.0,58129.0,0.0,2670000000000.0,327210198.0,12700000000000.0
United States,2017.0,0.6417300873569173,14850000000000.0,4050000000000.0,10800000000000.0,-6750000000000.0,60297.0,0.0,2840000000000.0,329791231.0,13200000000000.0
United States,2018.0,0.6734877994348791,15750000000000.0,4350000000000.0,11400000000000.0,-7050000000000.0,63038.0,0.0,3030000000000.0,332140037.0,13900000000000.0
United States,2019.0,0.6949883706987345,16460000000000.0,4560000000000.0,11900000000000.0,-7340000000000.0,65101.0,0.0,3060000000000.0,334319671.0,14400000000000.0
United States,2020.0,0.6818204263919088,16430000000000.0,4430000000000.0,12000000000000.0,-7570000000000.0,63917.0,0.0,2840000000000.0,335942003.0,14100000000000.0
United States,2021.0,0.7447683569069791,17820000000000.0,4920000000000.0,12900000000000.0,-7980000000000.0,70081.0,0.0,3270000000000.0,336997624.0,15900000000000.0
