Country,Year,GDP,GNI_USD,Exports,Imports,AMA_exchange_rate,IMF_exchange_rate,Per_capita_GNI,Population,Household_consumption,Manufacturing,Construction,Government_expenditure,Gross_capital_formation,Trade_balance
China,1970.0,0.0,0.0,31045205347.0,10906611779.0,2.461809455,2.461809455,113.0,822534450.0,33970947600.0,92598555721.0,10128794345.0,49020853239.0,2611804785.0,20138593568.0
China,1971.0,0.0,0.0,34244292259.0,11828697765.0,2.461809455,2.461809455,118.0,843285424.0,38033000404.0,99800575343.0,11795226237.0,51263106387.0,2633690231.0,22415594494.0
China,1972.0,0.0,0.0,36286490138.0,13024110450.0,2.245066956,2.245066956,132.0,862840403.0,44546555611.0,114000000000.0,13631353147.0,59428071689.0,3516407388.0,23262379688.0
China,1973.0,0.0,0.0,46572203218.0,15135095119.0,1.989415974,1.989415974,157.0,881652080.0,54433060460.0,139000000000.0,15878272479.0,72006056985.0,6156095851.0,31437108099.0
China,1974.0,0.0,0.0,48917499286.0,16168672250.0,1.961199999,1.961199999,160.0,899367640.0,55802569884.0,144000000000.0,17344763350.0,74801142196.0,8703400020.0,32748827036.0
China,1975.0,0.0,0.0,58548926083.0,18130981836.0,1.859799999,1.859799999,179.0,915124661.0,67566405026.0,163000000000.0,19096392356.0,82186256631.0,8991203220.0,40417944247.0
China,1976.0,0.0,0.0,52352824597.0,18110641814.0,1.941399999,1.941399999,166.0,929375924.0,62676419111.0,154000000000.0,19476353152.0,81822396251.0,7705239021.0,34242182783.0
China,1977.0,0.0,0.0,60602879976.0,20421742879.0,1.857823802,1.857823802,186.0,942581333.0,74549588529.0,175000000000.0,21900182153.0,88695171104.0,8286219462.0,40181137097.0
China,1978.0,0.0,0.0,83906513179.0,25059396546.0,1.683599999,1.683599999,229.0,955138943.0,96311475467.0,219000000000.0,28141123311.0,104000000000.0,12366658285.0,58847116633.0
China,1979.0,0.0,0.0,97743755074.0,29620578797.0,1.554999999,1.554999999,272.0,968298969.0,115000000000.0,264000000000.0,36288844057.0,130000000000.0,17272648463.0,68123176277.0
China,1980.0,0.0,0.0,108000000000.0,36725840921.0,1.498399999,1.498399999,312.0,982372466.0,134000000000.0,306000000000.0,42042941429.0,156000000000.0,22234238389.0,71274159079.0
China,1981.0,0.0,0.0,97553962172.0,34889314786.0,1.704533333,1.704533333,290.0,997259502.0,121000000000.0,290000000000.0,38121265119.0,154000000000.0,24282331574.0,62664647386.0
China,1982.0,0.0,0.0,92976535656.0,37552673890.0,1.892541666,1.892541666,281.0,1013483166.0,115000000000.0,284000000000.0,37434863193.0,151000000000.0,20624654175.0,55423861766.0
China,1983.0,0.0,0.0,99627439122.0,41793311164.0,1.975674999,1.975674999,297.0,1029226907.0,121000000000.0,305000000000.0,42448477141.0,163000000000.0,22141892417.0,57834127958.0
China,1984.0,0.0,0.0,110000000000.0,44387133860.0,2.320041666,2.320041666,302.0,1044172197.0,121000000000.0,314000000000.0,47192516092.0,159000000000.0,27900954494.0,65612866140.0
China,1985.0,0.0,0.0,124000000000.0,43399669126.0,2.936658333,2.936658333,293.0,1060239979.0,118000000000.0,310000000000.0,43944490979.0,158000000000.0,41542186116.0,80600330874.0
China,1986.0,0.0,0.0,116000000000.0,44737712239.0,3.452791667,3.452791667,279.0,1077770523.0,116000000000.0,301000000000.0,41515793710.0,153000000000.0,36883428014.0,71262287761.0
China,1987.0,0.0,0.0,125000000000.0,49375352624.0,3.7221,3.7221,298.0,1096851843.0,124000000000.0,327000000000.0,42746462712.0,162000000000.0,38060439732.0,75624647376.0
China,1988.0,0.0,0.0,163000000000.0,61215442895.0,3.7221,3.7221,365.0,1115889802.0,156000000000.0,408000000000.0,50802075749.0,202000000000.0,54625960287.0,101784557105.0
China,1989.0,0.0,0.0,173000000000.0,78767985870.0,3.765108333,3.765108333,402.0,1134414723.0,173000000000.0,456000000000.0,59901274864.0,233000000000.0,51299917943.0,94232014130.0
China,1990.0,0.0,0.0,137000000000.0,69129332648.0,4.783208333,4.783208333,343.0,1153704252.0,144000000000.0,395000000000.0,53654365176.0,197000000000.0,44634615413.0,67870667352.0
China,1991.0,0.0,0.0,148000000000.0,71580305163.0,5.323391667,5.323391667,354.0,1170626171.0,153000000000.0,413000000000.0,57663984218.0,198000000000.0,50907596293.0,76419694837.0
China,1992.0,0.0,0.0,196000000000.0,88693783613.0,5.514591667,5.514591667,417.0,1183813389.0,188000000000.0,493000000000.0,70954474561.0,223000000000.0,70246141426.0,107306216387.0
China,1993.0,0.0,0.0,274000000000.0,113000000000.0,5.761958333,5.761958333,517.0,1195855558.0,247000000000.0,619000000000.0,88520635201.0,272000000000.0,93584193795.0,161000000000.0
China,1994.0,0.0,0.0,231000000000.0,104000000000.0,8.618742667,8.618742667,467.0,1207286675.0,227000000000.0,564000000000.0,79201523401.0,249000000000.0,106000000000.0,127000000000.0
China,1995.0,0.0,0.0,291000000000.0,134000000000.0,8.351416667,8.351416667,593.0,1218144426.0,300000000000.0,734000000000.0,97289688724.0,336000000000.0,129000000000.0,157000000000.0
China,1996.0,0.0,0.0,331000000000.0,158000000000.0,8.314175,8.314175,693.0,1228298836.0,355000000000.0,864000000000.0,113000000000.0,405000000000.0,147000000000.0,173000000000.0
China,1997.0,0.0,0.0,349000000000.0,188000000000.0,8.289816667,8.289816667,768.0,1237801448.0,398000000000.0,962000000000.0,131000000000.0,442000000000.0,164000000000.0,161000000000.0
China,1998.0,0.0,0.0,367000000000.0,216000000000.0,8.278958333,8.278958333,812.0,1246836105.0,412000000000.0,1030000000000.0,153000000000.0,469000000000.0,164000000000.0,151000000000.0
China,1999.0,0.0,0.0,383000000000.0,241000000000.0,8.27825,8.27825,860.0,1255433236.0,435000000000.0,1090000000000.0,178000000000.0,506000000000.0,190000000000.0,142000000000.0
China,2000.0,0.0,0.0,417000000000.0,279000000000.0,8.278504167,8.278504167,947.0,1264099069.0,486000000000.0,1210000000000.0,201000000000.0,568000000000.0,251000000000.0,138000000000.0
China,2001.0,0.0,0.0,488000000000.0,325000000000.0,8.277068333,8.277068333,1037.0,1272739582.0,530000000000.0,1340000000000.0,216000000000.0,613000000000.0,271000000000.0,163000000000.0
China,2002.0,0.0,0.0,545000000000.0,371000000000.0,8.2769575,8.2769575,1136.0,1280926120.0,577000000000.0,1470000000000.0,229000000000.0,665000000000.0,328000000000.0,174000000000.0
China,2003.0,0.0,0.0,675000000000.0,422000000000.0,8.277036667,8.277036667,1280.0,1288873367.0,669000000000.0,1660000000000.0,244000000000.0,717000000000.0,449000000000.0,253000000000.0
China,2004.0,0.0,0.0,839000000000.0,422000000000.0,8.276800833,8.276800833,1504.0,1296816711.0,788000000000.0,1930000000000.0,272000000000.0,805000000000.0,556000000000.0,417000000000.0
China,2005.0,0.0,0.0,922000000000.0,503000000000.0,8.194316667,8.194316667,1740.0,1304887562.0,942000000000.0,2260000000000.0,338000000000.0,905000000000.0,649000000000.0,419000000000.0
China,2006.0,0.0,0.0,1100000000000.0,619000000000.0,7.973438333,7.973438333,2092.0,1313086567.0,1150000000000.0,2710000000000.0,408000000000.0,1040000000000.0,783000000000.0,481000000000.0
China,2007.0,0.0,0.0,1440000000000.0,835000000000.0,7.6075325,7.6075325,2693.0,1321513224.0,1450000000000.0,3490000000000.0,519000000000.0,1290000000000.0,949000000000.0,605000000000.0
China,2008.0,0.0,0.0,1940000000000.0,1000000000000.0,6.948655,6.948655,3475.0,1330167148.0,1870000000000.0,4450000000000.0,666000000000.0,1620000000000.0,1230000000000.0,940000000000.0
China,2009.0,0.0,0.0,2310000000000.0,1270000000000.0,6.831416052,6.831416052,3803.0,1339125595.0,1980000000000.0,4990000000000.0,753000000000.0,1800000000000.0,1110000000000.0,1040000000000.0
China,2010.0,0.0,0.0,2830000000000.0,1590000000000.0,6.770269029,6.770269029,4496.0,1348191368.0,2400000000000.0,6040000000000.0,888000000000.0,2090000000000.0,1430000000000.0,1240000000000.0
China,2011.0,0.0,0.0,3520000000000.0,2000000000000.0,6.461461327,6.461461327,5513.0,1357095481.0,3020000000000.0,7570000000000.0,1150000000000.0,2640000000000.0,1830000000000.0,1520000000000.0
China,2012.0,0.0,0.0,3940000000000.0,2330000000000.0,6.312332827,6.312332827,6229.0,1366560818.0,3310000000000.0,8560000000000.0,1340000000000.0,3020000000000.0,1940000000000.0,1610000000000.0
China,2013.0,0.0,0.0,4440000000000.0,2720000000000.0,6.195758346,6.195758346,6898.0,1376100308.0,3590000000000.0,9610000000000.0,1520000000000.0,3430000000000.0,2120000000000.0,1720000000000.0
China,2014.0,0.0,0.0,4800000000000.0,3040000000000.0,6.143434094,6.143434094,7572.0,1385189668.0,3810000000000.0,10500000000000.0,1660000000000.0,3850000000000.0,2240000000000.0,1760000000000.0
China,2015.0,0.0,0.0,4780000000000.0,3500000000000.0,6.227488673,6.227488673,7899.0,1393715448.0,3770000000000.0,11100000000000.0,1790000000000.0,4180000000000.0,2000000000000.0,1280000000000.0
China,2016.0,0.0,0.0,4790000000000.0,3710000000000.0,6.644477829,6.644477829,7973.0,1401889681.0,3690000000000.0,11200000000000.0,1840000000000.0,4340000000000.0,1940000000000.0,1080000000000.0
China,2017.0,0.0,0.0,5300000000000.0,4100000000000.0,6.758755086,6.758755086,8718.0,1410275957.0,4070000000000.0,12300000000000.0,2010000000000.0,4740000000000.0,2210000000000.0,1200000000000.0
China,2018.0,0.0,0.0,6090000000000.0,4700000000000.0,6.615957177,6.615957177,9762.0,1417069468.0,4550000000000.0,13900000000000.0,2300000000000.0,5350000000000.0,2550000000000.0,1390000000000.0
China,2019.0,0.0,0.0,6180000000000.0,4940000000000.0,6.90838501,6.90838501,10015.0,1421864031.0,4510000000000.0,14300000000000.0,2390000000000.0,5600000000000.0,2480000000000.0,1240000000000.0
China,2020.0,0.0,0.0,6370000000000.0,5170000000000.0,6.900767269,6.900767269,10225.0,1424929781.0,4530000000000.0,14700000000000.0,2520000000000.0,5610000000000.0,2360000000000.0,1200000000000.0
China,2021.0,0.0,0.0,7600000000000.0,5970000000000.0,6.44897518,6.44897518,12324.0,1425893465.0,5780000000000.0,17700000000000.0,2820000000000.0,6800000000000.0,3060000000000.0,1630000000000.0
France,1970.0,0.0,0.0,41851553854.0,49666316160.0,0.846730808,0.846730808,2882.0,51724116.0,32371563370.0,132000000000.0,25233521450.0,80559251389.0,22917555169.0,-7814762306.0
France,1971.0,0.0,0.0,45460936874.0,56249903194.0,0.844659231,0.844659231,3196.0,52185222.0,36496374932.0,147000000000.0,28813986865.0,90115631449.0,25771339719.0,-10788966320.0
France,1972.0,0.0,0.0,56269158044.0,69254248336.0,0.769035854,0.769035854,3881.0,52637888.0,43459612233.0,180000000000.0,35413173345.0,110000000000.0,32246871036.0,-12985090292.0
France,1973.0,0.0,0.0,74633716294.0,90985575657.0,0.678821885,0.678821885,4999.0,53053660.0,57465737105.0,236000000000.0,46539454142.0,142000000000.0,44637629778.0,-16351859363.0
France,1974.0,0.0,0.0,83141303001.0,102000000000.0,0.733221609,0.733221609,5356.0,53415250.0,62468153432.0,255000000000.0,51475569613.0,154000000000.0,62035814837.0,-18858696999.0
France,1975.0,0.0,0.0,89828087782.0,133000000000.0,0.653670822,0.653670822,6735.0,53715733.0,77187168654.0,323000000000.0,70644119991.0,197000000000.0,64442221631.0,-43171912218.0
France,1976.0,0.0,0.0,98513497092.0,139000000000.0,0.732194086,0.732194086,6919.0,53966558.0,79238553109.0,332000000000.0,74009065366.0,203000000000.0,75449940156.0,-40486502908.0
France,1977.0,0.0,0.0,105000000000.0,156000000000.0,0.747788852,0.747788852,7584.0,54221988.0,87514008520.0,369000000000.0,82723886297.0,223000000000.0,83708121349.0,-51000000000.0
France,1978.0,0.0,0.0,123000000000.0,191000000000.0,0.68801766,0.68801766,9329.0,54486195.0,109000000000.0,452000000000.0,104000000000.0,274000000000.0,97263491812.0,-68000000000.0
France,1979.0,0.0,0.0,153000000000.0,231000000000.0,0.64858164,0.64858164,11263.0,54753575.0,130000000000.0,545000000000.0,126000000000.0,333000000000.0,125000000000.0,-78000000000.0
France,1980.0,0.0,0.0,181000000000.0,269000000000.0,0.644184756,0.644184756,12833.0,55052582.0,149000000000.0,626000000000.0,148000000000.0,384000000000.0,158000000000.0,-88000000000.0
France,1981.0,0.0,0.0,145000000000.0,242000000000.0,0.828500699,0.828500699,11187.0,55371044.0,129000000000.0,550000000000.0,134000000000.0,346000000000.0,144000000000.0,-97000000000.0
France,1982.0,0.0,0.0,139000000000.0,230000000000.0,1.001910186,1.001910186,10527.0,55694106.0,119000000000.0,522000000000.0,130000000000.0,330000000000.0,140000000000.0,-91000000000.0
France,1983.0,0.0,0.0,122000000000.0,224000000000.0,1.161858425,1.161858425,9958.0,55992656.0,114000000000.0,499000000000.0,125000000000.0,314000000000.0,127000000000.0,-102000000000.0
France,1984.0,0.0,0.0,113000000000.0,214000000000.0,1.332267206,1.332267206,9370.0,56275701.0,108000000000.0,473000000000.0,120000000000.0,298000000000.0,126000000000.0,-101000000000.0
France,1985.0,0.0,0.0,117000000000.0,224000000000.0,1.369788721,1.369788721,9765.0,56569195.0,113000000000.0,492000000000.0,125000000000.0,313000000000.0,131000000000.0,-107000000000.0
France,1986.0,0.0,0.0,168000000000.0,314000000000.0,1.055875868,1.055875868,13625.0,56865193.0,153000000000.0,689000000000.0,172000000000.0,432000000000.0,158000000000.0,-146000000000.0
France,1987.0,0.0,0.0,208000000000.0,383000000000.0,0.916326578,0.916326578,16470.0,57168409.0,180000000000.0,833000000000.0,207000000000.0,530000000000.0,193000000000.0,-175000000000.0
France,1988.0,0.0,0.0,238000000000.0,420000000000.0,0.908129903,0.908129903,17844.0,57472651.0,194000000000.0,908000000000.0,221000000000.0,567000000000.0,214000000000.0,-182000000000.0
France,1989.0,0.0,0.0,249000000000.0,425000000000.0,0.972646327,0.972646327,17815.0,57766282.0,193000000000.0,916000000000.0,217000000000.0,567000000000.0,229000000000.0,-176000000000.0
France,1990.0,0.0,0.0,310000000000.0,525000000000.0,0.830126822,0.830126822,21941.0,58044701.0,240000000000.0,1140000000000.0,269000000000.0,701000000000.0,276000000000.0,-215000000000.0
France,1991.0,0.0,0.0,300000000000.0,532000000000.0,0.860135141,0.860135141,21823.0,58312661.0,238000000000.0,1140000000000.0,275000000000.0,699000000000.0,275000000000.0,-232000000000.0
France,1992.0,0.0,0.0,308000000000.0,599000000000.0,0.807037021,0.807037021,24021.0,58567693.0,259000000000.0,1260000000000.0,312000000000.0,772000000000.0,290000000000.0,-291000000000.0
France,1993.0,0.0,0.0,259000000000.0,584000000000.0,0.863353848,0.863353848,22609.0,58793642.0,237000000000.0,1190000000000.0,310000000000.0,732000000000.0,253000000000.0,-325000000000.0
France,1994.0,0.0,0.0,283000000000.0,618000000000.0,0.846403804,0.846403804,23701.0,59006019.0,243000000000.0,1250000000000.0,323000000000.0,767000000000.0,281000000000.0,-335000000000.0
France,1995.0,0.0,0.0,328000000000.0,708000000000.0,0.760946602,0.760946602,27120.0,59232333.0,282000000000.0,1430000000000.0,371000000000.0,876000000000.0,337000000000.0,-380000000000.0
France,1996.0,0.0,0.0,315000000000.0,721000000000.0,0.779856378,0.779856378,27231.0,59471115.0,277000000000.0,1430000000000.0,377000000000.0,885000000000.0,342000000000.0,-406000000000.0
France,1997.0,0.0,0.0,283000000000.0,652000000000.0,0.889797909,0.889797909,24623.0,59723345.0,251000000000.0,1300000000000.0,340000000000.0,787000000000.0,327000000000.0,-369000000000.0
France,1998.0,0.0,0.0,311000000000.0,672000000000.0,0.899375366,0.899375366,25380.0,59998221.0,260000000000.0,1340000000000.0,340000000000.0,811000000000.0,351000000000.0,-361000000000.0
France,1999.0,0.0,0.0,319000000000.0,672000000000.0,0.938627276,0.938627276,25248.0,60297219.0,253000000000.0,1330000000000.0,338000000000.0,800000000000.0,354000000000.0,-353000000000.0
France,2000.0,0.0,0.0,306000000000.0,620000000000.0,1.085400833,1.085400833,22823.0,60631053.0,231000000000.0,1220000000000.0,304000000000.0,734000000000.0,371000000000.0,-314000000000.0
France,2001.0,0.0,0.0,305000000000.0,628000000000.0,1.11751,1.11751,22972.0,60997885.0,227000000000.0,1240000000000.0,305000000000.0,745000000000.0,367000000000.0,-323000000000.0
France,2002.0,0.0,0.0,319000000000.0,685000000000.0,1.062551667,1.062551667,24603.0,61372011.0,241000000000.0,1350000000000.0,340000000000.0,807000000000.0,382000000000.0,-366000000000.0
France,2003.0,0.0,0.0,390000000000.0,852000000000.0,0.886034167,0.886034167,30204.0,61740850.0,287000000000.0,1660000000000.0,426000000000.0,998000000000.0,454000000000.0,-462000000000.0
France,2004.0,0.0,0.0,463000000000.0,988000000000.0,0.805365,0.805365,34527.0,62129161.0,322000000000.0,1900000000000.0,488000000000.0,1140000000000.0,539000000000.0,-525000000000.0
France,2005.0,0.0,0.0,493000000000.0,1040000000000.0,0.80412,0.80412,35718.0,62535739.0,323000000000.0,1970000000000.0,507000000000.0,1190000000000.0,592000000000.0,-547000000000.0
France,2006.0,0.0,0.0,539000000000.0,1110000000000.0,0.797140833,0.797140833,37561.0,62959772.0,328000000000.0,2080000000000.0,528000000000.0,1260000000000.0,653000000000.0,-571000000000.0
France,2007.0,0.0,0.0,642000000000.0,1280000000000.0,0.7306375,0.7306375,42745.0,63396319.0,365000000000.0,2380000000000.0,596000000000.0,1440000000000.0,759000000000.0,-638000000000.0
France,2008.0,0.0,0.0,704000000000.0,1420000000000.0,0.682674711,0.682674711,46732.0,63812060.0,383000000000.0,2630000000000.0,658000000000.0,1590000000000.0,854000000000.0,-716000000000.0
France,2009.0,0.0,0.0,574000000000.0,1340000000000.0,0.71984336,0.71984336,42863.0,64203160.0,341000000000.0,2430000000000.0,648000000000.0,1490000000000.0,689000000000.0,-766000000000.0
France,2010.0,0.0,0.0,580000000000.0,1320000000000.0,0.755044952,0.755044952,41874.0,64570189.0,328000000000.0,2380000000000.0,634000000000.0,1460000000000.0,742000000000.0,-740000000000.0
France,2011.0,0.0,0.0,664000000000.0,1420000000000.0,0.719355254,0.719355254,45251.0,64915676.0,359000000000.0,2570000000000.0,679000000000.0,1570000000000.0,869000000000.0,-756000000000.0
France,2012.0,0.0,0.0,607000000000.0,1340000000000.0,0.778293601,0.778293601,42046.0,65226346.0,339000000000.0,2410000000000.0,643000000000.0,1470000000000.0,819000000000.0,-733000000000.0
France,2013.0,0.0,0.0,627000000000.0,1410000000000.0,0.753159182,0.753159182,43875.0,65505493.0,357000000000.0,2520000000000.0,678000000000.0,1540000000000.0,855000000000.0,-783000000000.0
France,2014.0,0.0,0.0,648000000000.0,1430000000000.0,0.753730737,0.753730737,44299.0,65779602.0,360000000000.0,2560000000000.0,688000000000.0,1550000000000.0,879000000000.0,-782000000000.0
France,2015.0,0.0,0.0,554000000000.0,1220000000000.0,0.901658962,0.901658962,37728.0,66021439.0,311000000000.0,2180000000000.0,580000000000.0,1320000000000.0,760000000000.0,-666000000000.0
France,2016.0,0.0,0.0,559000000000.0,1240000000000.0,0.904035128,0.904035128,38110.0,66217242.0,311000000000.0,2210000000000.0,586000000000.0,1340000000000.0,762000000000.0,-681000000000.0
France,2017.0,0.0,0.0,608000000000.0,1290000000000.0,0.885205508,0.885205508,39972.0,66392217.0,320000000000.0,2310000000000.0,614000000000.0,1400000000000.0,831000000000.0,-682000000000.0
France,2018.0,0.0,0.0,666000000000.0,1390000000000.0,0.846772667,0.846772667,42910.0,66549699.0,341000000000.0,2480000000000.0,650000000000.0,1500000000000.0,913000000000.0,-724000000000.0
France,2019.0,0.0,0.0,665000000000.0,1350000000000.0,0.893276257,0.893276257,41793.0,66695469.0,337000000000.0,2430000000000.0,627000000000.0,1460000000000.0,888000000000.0,-685000000000.0
France,2020.0,0.0,0.0,626000000000.0,1350000000000.0,0.875506397,0.875506397,40119.0,66800464.0,311000000000.0,2350000000000.0,658000000000.0,1410000000000.0,776000000000.0,-724000000000.0
France,2021.0,0.0,0.0,740000000000.0,1470000000000.0,0.845494139,0.845494139,45535.0,66875883.0,344000000000.0,2620000000000.0,717000000000.0,1560000000000.0,929000000000.0,-730000000000.0
Germany,1970.0,0.0,0.0,70587267317.0,55530495677.0,1.871328287,1.871328287,2771.0,78294583.0,77442444513.0,197000000000.0,35081249224.0,120000000000.0,35790224239.0,15056771640.0
Germany,1971.0,0.0,0.0,79519021251.0,67877111461.0,1.793301826,1.793301826,3196.0,78511398.0,85645654059.0,228000000000.0,43379446715.0,139000000000.0,40706464995.0,11641909790.0
Germany,1972.0,0.0,0.0,91710389436.0,84177024999.0,1.630326596,1.630326596,3823.0,78643556.0,99883069652.0,274000000000.0,53090652651.0,169000000000.0,48505997025.0,7533364437.0
Germany,1973.0,0.0,0.0,117000000000.0,116000000000.0,1.366478681,1.366478681,5077.0,78667466.0,133000000000.0,366000000000.0,73274253288.0,223000000000.0,65126998484.0,1000000000.0
Germany,1974.0,0.0,0.0,118000000000.0,137000000000.0,1.323095565,1.323095565,5679.0,78620534.0,150000000000.0,411000000000.0,88265663558.0,248000000000.0,83342988906.0,-19000000000.0
Germany,1975.0,0.0,0.0,120000000000.0,158000000000.0,1.257927154,1.257927154,6274.0,78513511.0,159000000000.0,452000000000.0,103000000000.0,286000000000.0,92219057048.0,-38000000000.0
Germany,1976.0,0.0,0.0,133000000000.0,166000000000.0,1.287432956,1.287432956,6665.0,78364216.0,169000000000.0,478000000000.0,106000000000.0,302000000000.0,105000000000.0,-33000000000.0
Germany,1977.0,0.0,0.0,151000000000.0,193000000000.0,1.187313485,1.187313485,7702.0,78221272.0,194000000000.0,554000000000.0,122000000000.0,351000000000.0,121000000000.0,-42000000000.0
Germany,1978.0,0.0,0.0,189000000000.0,236000000000.0,1.026993654,1.026993654,9550.0,78071549.0,238000000000.0,681000000000.0,152000000000.0,428000000000.0,145000000000.0,-47000000000.0
Germany,1979.0,0.0,0.0,242000000000.0,288000000000.0,0.937138367,0.937138367,11355.0,77915727.0,277000000000.0,808000000000.0,180000000000.0,512000000000.0,189000000000.0,-46000000000.0
Germany,1980.0,0.0,0.0,259000000000.0,322000000000.0,0.929358209,0.929358209,12267.0,77786703.0,292000000000.0,870000000000.0,198000000000.0,559000000000.0,221000000000.0,-63000000000.0
Germany,1981.0,0.0,0.0,197000000000.0,280000000000.0,1.155519651,1.155519651,10328.0,77684489.0,240000000000.0,733000000000.0,172000000000.0,476000000000.0,192000000000.0,-83000000000.0
Germany,1982.0,0.0,0.0,180000000000.0,276000000000.0,1.240696618,1.240696618,10021.0,77610430.0,234000000000.0,711000000000.0,164000000000.0,461000000000.0,183000000000.0,-96000000000.0
Germany,1983.0,0.0,0.0,185000000000.0,278000000000.0,1.305460256,1.305460256,9982.0,77566064.0,230000000000.0,705000000000.0,161000000000.0,458000000000.0,179000000000.0,-93000000000.0
Germany,1984.0,0.0,0.0,172000000000.0,263000000000.0,1.455106868,1.455106868,9428.0,77568572.0,216000000000.0,663000000000.0,150000000000.0,429000000000.0,178000000000.0,-91000000000.0
Germany,1985.0,0.0,0.0,169000000000.0,268000000000.0,1.505226255,1.505226255,9516.0,77638808.0,224000000000.0,671000000000.0,151000000000.0,429000000000.0,183000000000.0,-99000000000.0
Germany,1986.0,0.0,0.0,242000000000.0,385000000000.0,1.110261798,1.110261798,13530.0,77803357.0,321000000000.0,961000000000.0,214000000000.0,598000000000.0,227000000000.0,-143000000000.0
Germany,1987.0,0.0,0.0,293000000000.0,486000000000.0,0.918991766,0.918991766,16702.0,78090895.0,390000000000.0,1190000000000.0,269000000000.0,747000000000.0,273000000000.0,-193000000000.0
Germany,1988.0,0.0,0.0,326000000000.0,533000000000.0,0.897943584,0.897943584,18027.0,78477530.0,418000000000.0,1290000000000.0,286000000000.0,800000000000.0,300000000000.0,-207000000000.0
Germany,1989.0,0.0,0.0,339000000000.0,533000000000.0,0.96125004,0.96125004,17922.0,78916438.0,410000000000.0,1280000000000.0,273000000000.0,799000000000.0,321000000000.0,-194000000000.0
Germany,1990.0,0.0,0.0,440000000000.0,680000000000.0,0.826111336,0.826111336,22563.0,79370196.0,509000000000.0,1620000000000.0,338000000000.0,998000000000.0,408000000000.0,-240000000000.0
Germany,1991.0,0.0,0.0,482000000000.0,720000000000.0,0.848510181,0.848510181,23506.0,79801988.0,524000000000.0,1700000000000.0,349000000000.0,1050000000000.0,451000000000.0,-238000000000.0
Germany,1992.0,0.0,0.0,538000000000.0,850000000000.0,0.798458966,0.798458966,26657.0,80205030.0,564000000000.0,1940000000000.0,410000000000.0,1190000000000.0,484000000000.0,-312000000000.0
Germany,1993.0,0.0,0.0,496000000000.0,861000000000.0,0.845329519,0.845329519,25751.0,80573488.0,505000000000.0,1880000000000.0,401000000000.0,1170000000000.0,420000000000.0,-365000000000.0
Germany,1994.0,0.0,0.0,536000000000.0,916000000000.0,0.829721482,0.829721482,27255.0,80882126.0,524000000000.0,1990000000000.0,426000000000.0,1240000000000.0,462000000000.0,-380000000000.0
Germany,1995.0,0.0,0.0,629000000000.0,1090000000000.0,0.732749012,0.732749012,31829.0,81123262.0,609000000000.0,2340000000000.0,502000000000.0,1440000000000.0,558000000000.0,-461000000000.0
Germany,1996.0,0.0,0.0,581000000000.0,1080000000000.0,0.769378814,0.769378814,30721.0,81300865.0,575000000000.0,2260000000000.0,492000000000.0,1410000000000.0,553000000000.0,-499000000000.0
Germany,1997.0,0.0,0.0,517000000000.0,953000000000.0,0.886608669,0.886608669,27110.0,81436087.0,511000000000.0,2010000000000.0,428000000000.0,1240000000000.0,537000000000.0,-436000000000.0
Germany,1998.0,0.0,0.0,538000000000.0,955000000000.0,0.899703757,0.899703757,27307.0,81524383.0,521000000000.0,2030000000000.0,428000000000.0,1250000000000.0,564000000000.0,-417000000000.0
Germany,1999.0,0.0,0.0,527000000000.0,952000000000.0,0.938627276,0.938627276,26717.0,81556965.0,498000000000.0,1980000000000.0,422000000000.0,1230000000000.0,579000000000.0,-425000000000.0
Germany,2000.0,0.0,0.0,476000000000.0,835000000000.0,1.085400833,1.085400833,23693.0,81551677.0,448000000000.0,1750000000000.0,370000000000.0,1090000000000.0,596000000000.0,-359000000000.0
Germany,2001.0,0.0,0.0,446000000000.0,838000000000.0,1.11751,1.11751,23682.0,81514568.0,443000000000.0,1760000000000.0,368000000000.0,1100000000000.0,587000000000.0,-392000000000.0
Germany,2002.0,0.0,0.0,430000000000.0,909000000000.0,1.062551667,1.062551667,25131.0,81443427.0,462000000000.0,1870000000000.0,398000000000.0,1150000000000.0,586000000000.0,-479000000000.0
Germany,2003.0,0.0,0.0,510000000000.0,1110000000000.0,0.886034167,0.886034167,30372.0,81346810.0,557000000000.0,2250000000000.0,482000000000.0,1410000000000.0,725000000000.0,-600000000000.0
Germany,2004.0,0.0,0.0,557000000000.0,1250000000000.0,0.805365,0.805365,34778.0,81266673.0,639000000000.0,2550000000000.0,529000000000.0,1580000000000.0,857000000000.0,-693000000000.0
Germany,2005.0,0.0,0.0,554000000000.0,1260000000000.0,0.80412,0.80412,35330.0,81212168.0,650000000000.0,2570000000000.0,534000000000.0,1610000000000.0,935000000000.0,-706000000000.0
Germany,2006.0,0.0,0.0,615000000000.0,1310000000000.0,0.797140833,0.797140833,37481.0,81177817.0,703000000000.0,2710000000000.0,548000000000.0,1670000000000.0,1080000000000.0,-695000000000.0
Germany,2007.0,0.0,0.0,731000000000.0,1470000000000.0,0.7306375,0.7306375,42751.0,81183830.0,812000000000.0,3080000000000.0,611000000000.0,1850000000000.0,1250000000000.0,-739000000000.0
Germany,2008.0,0.0,0.0,800000000000.0,1610000000000.0,0.682674711,0.682674711,46364.0,81217482.0,867000000000.0,3350000000000.0,681000000000.0,2020000000000.0,1410000000000.0,-810000000000.0
Germany,2009.0,0.0,0.0,630000000000.0,1530000000000.0,0.71984336,0.71984336,42754.0,81260615.0,714000000000.0,3050000000000.0,679000000000.0,1920000000000.0,1120000000000.0,-900000000000.0
Germany,2010.0,0.0,0.0,682000000000.0,1500000000000.0,0.755044952,0.755044952,42600.0,81325090.0,780000000000.0,3050000000000.0,664000000000.0,1870000000000.0,1270000000000.0,-818000000000.0
Germany,2011.0,0.0,0.0,810000000000.0,1630000000000.0,0.719355254,0.719355254,47165.0,81423378.0,866000000000.0,3360000000000.0,714000000000.0,2040000000000.0,1500000000000.0,-820000000000.0
Germany,2012.0,0.0,0.0,695000000000.0,1540000000000.0,0.778293601,0.778293601,44294.0,81545565.0,821000000000.0,3170000000000.0,680000000000.0,1940000000000.0,1420000000000.0,-845000000000.0
Germany,2013.0,0.0,0.0,749000000000.0,1650000000000.0,0.753159182,0.753159182,46757.0,81680591.0,851000000000.0,3360000000000.0,733000000000.0,2040000000000.0,1480000000000.0,-901000000000.0
Germany,2014.0,0.0,0.0,791000000000.0,1700000000000.0,0.753730737,0.753730737,48397.0,81858825.0,890000000000.0,3500000000000.0,761000000000.0,2070000000000.0,1510000000000.0,-909000000000.0
Germany,2015.0,0.0,0.0,663000000000.0,1470000000000.0,0.901658962,0.901658962,41825.0,82073226.0,771000000000.0,3020000000000.0,661000000000.0,1780000000000.0,1320000000000.0,-807000000000.0
Germany,2016.0,0.0,0.0,692000000000.0,1500000000000.0,0.904035128,0.904035128,43161.0,82331423.0,809000000000.0,3120000000000.0,690000000000.0,1830000000000.0,1340000000000.0,-808000000000.0
Germany,2017.0,0.0,0.0,774000000000.0,1600000000000.0,0.885205508,0.885205508,45735.0,82624374.0,858000000000.0,3330000000000.0,732000000000.0,1920000000000.0,1480000000000.0,-826000000000.0
Germany,2018.0,0.0,0.0,871000000000.0,1730000000000.0,0.846772667,0.846772667,49561.0,82896696.0,910000000000.0,3580000000000.0,790000000000.0,2070000000000.0,1640000000000.0,-859000000000.0
Germany,2019.0,0.0,0.0,860000000000.0,1690000000000.0,0.893276257,0.893276257,48336.0,83148141.0,875000000000.0,3500000000000.0,787000000000.0,2020000000000.0,1590000000000.0,-830000000000.0
Germany,2020.0,0.0,0.0,859000000000.0,1740000000000.0,0.875506397,0.875506397,48053.0,83328988.0,844000000000.0,3530000000000.0,854000000000.0,1960000000000.0,1450000000000.0,-881000000000.0
Germany,2021.0,0.0,0.0,992000000000.0,1870000000000.0,0.845494139,0.845494139,52885.0,83408554.0,926000000000.0,3850000000000.0,943000000000.0,2100000000000.0,1780000000000.0,-878000000000.0
India,1970.0,0.0,0.0,10227772896.0,14308238913.0,7.500000007,7.500000007,111.0,557501301.0,10148908687.0,57570350340.0,5585091949.0,49741148289.0,2421333331.0,-4080466017.0
India,1971.0,0.0,0.0,11587349896.0,15785901508.0,7.491935231,7.491935231,117.0,569999178.0,11216429588.0,61406195258.0,6471621001.0,53705844965.0,2677545839.0,-4198551612.0
India,1972.0,0.0,0.0,11548797280.0,17035185953.0,7.594468374,7.594468374,124.0,582837973.0,12247294886.0,66596065955.0,6790098031.0,58393890721.0,2698016371.0,-5486388673.0
India,1973.0,0.0,0.0,16285408084.0,18698534512.0,7.742038562,7.742038562,145.0,596107483.0,14373170674.0,79595775667.0,7301907685.0,69052543401.0,4102278714.0,-2413126428.0
India,1974.0,0.0,0.0,18550733995.0,20981902685.0,8.101603227,8.101603227,160.0,609721951.0,17767778910.0,88943196186.0,8465925845.0,79947973075.0,5898832448.0,-2431168690.0
India,1975.0,0.0,0.0,18975679902.0,22950130801.0,8.375891946,8.375891946,163.0,623524219.0,18338136795.0,91509744631.0,9652302503.0,79083588412.0,6762264887.0,-3974450899.0
India,1976.0,0.0,0.0,19308772758.0,23722411761.0,8.960412728,8.960412728,160.0,637451448.0,19295663880.0,92267266395.0,10020694800.0,76857498527.0,6265336397.0,-4413639003.0
India,1977.0,0.0,0.0,22971796341.0,26483793228.0,8.738576171,8.738576171,182.0,651685628.0,22177410163.0,108000000000.0,10963260785.0,90751223562.0,7457736675.0,-3511996887.0
India,1978.0,0.0,0.0,31455251827.0,30711385700.0,8.192840348,8.192840348,206.0,666267760.0,27212120801.0,124000000000.0,12981744727.0,105000000000.0,9060349872.0,743866127.0
India,1979.0,0.0,0.0,33559115293.0,34140250126.0,8.125790946,8.125790946,223.0,681248383.0,31649808955.0,136000000000.0,15046100255.0,115000000000.0,12422175351.0,-581134833.0
India,1980.0,0.0,0.0,38786786533.0,40073162936.0,7.862944701,7.862944701,269.0,696828385.0,36983955832.0,167000000000.0,18052184028.0,146000000000.0,17291231869.0,-1286376403.0
India,1981.0,0.0,0.0,40895190517.0,42064517463.0,8.658522817,8.658522817,280.0,712869298.0,41261129749.0,177000000000.0,19208422863.0,152000000000.0,17103379309.0,-1169326946.0
India,1982.0,0.0,0.0,42193938177.0,44085117372.0,9.455131933,9.455131933,279.0,729169466.0,42888909121.0,181000000000.0,20791842202.0,154000000000.0,16642813776.0,-1891179195.0
India,1983.0,0.0,0.0,43961289559.0,46250496402.0,10.09889824,10.09889824,298.0,745826546.0,46931627208.0,198000000000.0,22490090717.0,168000000000.0,17501909191.0,-2289206843.0
India,1984.0,0.0,0.0,45923857735.0,46815993315.0,11.36258333,11.36258333,289.0,762895156.0,47230246816.0,196000000000.0,22984553485.0,166000000000.0,17147509004.0,-892135580.0
India,1985.0,0.0,0.0,51274035424.0,48811833631.0,12.36875,12.36875,293.0,780242084.0,49125342653.0,202000000000.0,25144112092.0,168000000000.0,17587872664.0,2462201793.0
India,1986.0,0.0,0.0,54842369132.0,55030243696.0,12.61083333,12.61083333,315.0,797878993.0,53356816709.0,220000000000.0,29159123581.0,185000000000.0,17729994053.0,-187874564.0
India,1987.0,0.0,0.0,66060600044.0,60850728147.0,12.9615,12.9615,340.0,815716125.0,58612842727.0,242000000000.0,33303930141.0,199000000000.0,19487713613.0,5209871897.0
India,1988.0,0.0,0.0,76241557134.0,65183328681.0,13.91708333,13.91708333,366.0,833729681.0,65546921024.0,270000000000.0,35801199786.0,216000000000.0,23000508967.0,11058228453.0
India,1989.0,0.0,0.0,77984616586.0,65638762133.0,16.2255,16.2255,353.0,852012673.0,67907018831.0,268000000000.0,35155434785.0,207000000000.0,24783211611.0,12345854453.0
India,1990.0,0.0,0.0,92697498831.0,70284404977.0,17.5035,17.5035,373.0,870452165.0,72994521050.0,290000000000.0,37145003997.0,221000000000.0,27821864199.0,22413093854.0
India,1991.0,0.0,0.0,68680602881.0,66178958078.0,22.74243333,22.74243333,323.0,888941756.0,61553329266.0,260000000000.0,32261291013.0,195000000000.0,24733061399.0,2501644803.0
India,1992.0,0.0,0.0,73199582720.0,64335184913.0,25.91808333,25.91808333,319.0,907574049.0,62929531757.0,259000000000.0,32056726065.0,193000000000.0,28165662970.0,8864397807.0
India,1993.0,0.0,0.0,68962956305.0,65787396182.0,30.49329167,30.49329167,306.0,926351297.0,61660598068.0,257000000000.0,31607775690.0,188000000000.0,28202596473.0,3175560123.0
India,1994.0,0.0,0.0,87624154302.0,72839375316.0,31.3737425,31.3737425,342.0,945261958.0,73548283682.0,293000000000.0,34179949886.0,212000000000.0,33375042840.0,14784778986.0
India,1995.0,0.0,0.0,102000000000.0,84744857221.0,32.42707667,32.42707667,381.0,964279129.0,86880347883.0,332000000000.0,39186893254.0,237000000000.0,44701223453.0,17255142779.0
India,1996.0,0.0,0.0,101000000000.0,87230615572.0,35.43317333,35.43317333,397.0,983281218.0,89610260202.0,350000000000.0,40667229603.0,254000000000.0,45443855250.0,13769384428.0
India,1997.0,0.0,0.0,118000000000.0,99208358177.0,36.31328583,36.31328583,421.0,1002335230.0,94633528095.0,382000000000.0,46932197593.0,272000000000.0,50761861883.0,18791641823.0
India,1998.0,0.0,0.0,112000000000.0,104000000000.0,41.259365,41.259365,417.0,1021434576.0,92061657695.0,386000000000.0,51158960218.0,274000000000.0,54471269735.0,8000000000.0
India,1999.0,0.0,0.0,133000000000.0,119000000000.0,43.05542833,43.05542833,440.0,1040500054.0,93042369689.0,408000000000.0,56225333367.0,296000000000.0,61711614606.0,14000000000.0
India,2000.0,0.0,0.0,125000000000.0,123000000000.0,44.941605,44.941605,445.0,1059633675.0,98618437862.0,419000000000.0,56889383798.0,303000000000.0,66202130520.0,2000000000.0
India,2001.0,0.0,0.0,129000000000.0,132000000000.0,47.18641417,47.18641417,451.0,1078970907.0,99344357150.0,436000000000.0,57708589435.0,315000000000.0,65919397668.0,-3000000000.0
India,2002.0,0.0,0.0,137000000000.0,141000000000.0,48.61031917,48.61031917,464.0,1098313039.0,107000000000.0,454000000000.0,58015807785.0,323000000000.0,78168793481.0,-4000000000.0
India,2003.0,0.0,0.0,174000000000.0,162000000000.0,46.58328417,46.58328417,533.0,1117415123.0,122000000000.0,531000000000.0,65199662389.0,369000000000.0,93784285032.0,12000000000.0
India,2004.0,0.0,0.0,247000000000.0,194000000000.0,45.31646667,45.31646667,614.0,1136264583.0,149000000000.0,641000000000.0,73158473480.0,410000000000.0,138000000000.0,53000000000.0
India,2005.0,0.0,0.0,300000000000.0,228000000000.0,44.099975,44.099975,708.0,1154638713.0,176000000000.0,754000000000.0,85376692390.0,473000000000.0,184000000000.0,72000000000.0
India,2006.0,0.0,0.0,338000000000.0,256000000000.0,45.30700833,45.30700833,795.0,1172373788.0,212000000000.0,862000000000.0,92051763147.0,527000000000.0,230000000000.0,82000000000.0
India,2007.0,0.0,0.0,464000000000.0,327000000000.0,41.34853333,41.34853333,992.0,1189691809.0,261000000000.0,1090000000000.0,117000000000.0,661000000000.0,295000000000.0,137000000000.0
India,2008.0,0.0,0.0,486000000000.0,374000000000.0,43.50518333,43.50518333,1044.0,1206734806.0,279000000000.0,1190000000000.0,134000000000.0,718000000000.0,371000000000.0,112000000000.0
India,2009.0,0.0,0.0,511000000000.0,396000000000.0,48.40526667,48.40526667,1068.0,1223640160.0,295000000000.0,1230000000000.0,151000000000.0,736000000000.0,340000000000.0,115000000000.0
India,2010.0,0.0,0.0,664000000000.0,491000000000.0,45.72581212,45.72581212,1331.0,1240613620.0,375000000000.0,1550000000000.0,184000000000.0,914000000000.0,448000000000.0,173000000000.0
India,2011.0,0.0,0.0,741000000000.0,548000000000.0,46.67046667,46.67046667,1475.0,1257621191.0,398000000000.0,1740000000000.0,207000000000.0,1050000000000.0,582000000000.0,193000000000.0
India,2012.0,0.0,0.0,714000000000.0,550000000000.0,53.43723333,53.43723333,1443.0,1274487215.0,388000000000.0,1720000000000.0,199000000000.0,1050000000000.0,582000000000.0,164000000000.0
India,2013.0,0.0,0.0,652000000000.0,575000000000.0,58.59784542,58.59784542,1466.0,1291132063.0,387000000000.0,1770000000000.0,197000000000.0,1110000000000.0,545000000000.0,77000000000.0
India,2014.0,0.0,0.0,700000000000.0,632000000000.0,61.02951446,61.02951446,1544.0,1307246509.0,405000000000.0,1890000000000.0,213000000000.0,1190000000000.0,530000000000.0,68000000000.0
India,2015.0,0.0,0.0,689000000000.0,668000000000.0,64.15194446,64.15194446,1604.0,1322866505.0,433000000000.0,1960000000000.0,224000000000.0,1270000000000.0,475000000000.0,21000000000.0
India,2016.0,0.0,0.0,691000000000.0,716000000000.0,67.19518591,67.19518591,1692.0,1338636340.0,449000000000.0,2080000000000.0,236000000000.0,1360000000000.0,479000000000.0,-25000000000.0
India,2017.0,0.0,0.0,813000000000.0,809000000000.0,65.12156865,65.12156865,1917.0,1354195680.0,511000000000.0,2380000000000.0,283000000000.0,1540000000000.0,576000000000.0,4000000000.0
India,2018.0,0.0,0.0,894000000000.0,870000000000.0,68.39784018,68.39784018,1997.0,1369003306.0,532000000000.0,2510000000000.0,299000000000.0,1640000000000.0,655000000000.0,24000000000.0
India,2019.0,0.0,0.0,862000000000.0,934000000000.0,70.41996909,70.41996909,2041.0,1383112050.0,506000000000.0,2610000000000.0,313000000000.0,1740000000000.0,606000000000.0,-72000000000.0
India,2020.0,0.0,0.0,745000000000.0,908000000000.0,74.09956688,74.09956688,1888.0,1396387127.0,478000000000.0,2440000000000.0,323000000000.0,1620000000000.0,510000000000.0,-163000000000.0
India,2021.0,0.0,0.0,998000000000.0,1040000000000.0,73.91801282,73.91801282,2239.0,1407563842.0,596000000000.0,2890000000000.0,356000000000.0,1910000000000.0,765000000000.0,-42000000000.0
Israel,1970.0,0.0,0.0,1795575365.0,2231013462.0,0.000349999,0.000349999,2005.0,2907307.0,1684669407.0,6217196486.0,2191647661.0,3214161331.0,2414385292.0,-435438097.0
Israel,1971.0,0.0,0.0,2078433535.0,2308340963.0,0.000419999,0.000419999,2059.0,3018583.0,1756290277.0,6504422367.0,2177186038.0,3159013449.0,2470793546.0,-229907428.0
Israel,1972.0,0.0,0.0,2736874729.0,2995420796.0,0.00041798,0.00041798,2605.0,3120950.0,2200358206.0,8328785436.0,2592693076.0,4032607601.0,2929254899.0,-258546067.0
Israel,1973.0,0.0,0.0,3614253178.0,4209865399.0,0.000419469,0.000419469,3253.0,3214274.0,2663229907.0,10801514554.0,4416764961.0,5220928831.0,4852119896.0,-595612221.0
Israel,1974.0,0.0,0.0,4651077602.0,5642738009.0,0.000445153,0.000445153,4292.0,3303720.0,3489567880.0,14509744339.0,5673181447.0,7340532529.0,6166171057.0,-991660407.0
Israel,1975.0,0.0,0.0,4613125191.0,5621504205.0,0.000633615,0.000633615,4091.0,3388086.0,3348325451.0,14023646797.0,6092105489.0,7274295117.0,6755401096.0,-1008379014.0
Israel,1976.0,0.0,0.0,4080032592.0,6028342568.0,0.000792557,0.000792557,4218.0,3468120.0,3822348966.0,14946474222.0,5898310305.0,7859836993.0,6689681628.0,-1948309976.0
Israel,1977.0,0.0,0.0,4057316591.0,6948123296.0,0.001044546,0.001044546,4509.0,3541374.0,4148519868.0,16393867092.0,5847869003.0,8458580762.0,7076692097.0,-2890806705.0
Israel,1978.0,0.0,0.0,4387686776.0,6669446557.0,0.001743537,0.001743537,4336.0,3608733.0,3951610040.0,15769750950.0,6019274013.0,8434974730.0,8663911632.0,-2281759781.0
Israel,1979.0,0.0,0.0,5834511005.0,9555176075.0,0.002540637,0.002540637,5507.0,3675789.0,4400242303.0,20648332640.0,7223270252.0,10987622792.0,10274708249.0,-3720665070.0
Israel,1980.0,0.0,0.0,5779693064.0,10280616022.0,0.005124292,0.005124292,6085.0,3744608.0,4945658181.0,22887741692.0,8855911209.0,11888186304.0,11447706693.0,-4500922958.0
Israel,1981.0,0.0,0.0,5778187362.0,11079325494.0,0.011430575,0.011430575,6388.0,3816745.0,6064958675.0,25351233688.0,9738939468.0,13013297582.0,12268322460.0,-5301138132.0
Israel,1982.0,0.0,0.0,6879961429.0,11832504842.0,0.024267,0.024267,6796.0,3892839.0,6478778918.0,26653050193.0,9545786377.0,14633328760.0,11811618247.0,-4952543413.0
Israel,1983.0,0.0,0.0,7809901486.0,12818975866.0,0.056214492,0.056214492,7398.0,3979093.0,7345903765.0,29008893395.0,9792713439.0,16762002627.0,12082308420.0,-5009074380.0
Israel,1984.0,0.0,0.0,6846417387.0,12522362884.0,0.293209667,0.293209667,6588.0,4077001.0,7396259031.0,28048172492.0,10005160063.0,14693979793.0,12083225343.0,-5675945497.0
Israel,1985.0,0.0,0.0,5480272328.0,11310376065.0,1.178849333,1.178849333,6027.0,4182681.0,6328127957.0,25481025629.0,8887053290.0,14597001909.0,11855538884.0,-5830103737.0
Israel,1986.0,0.0,0.0,6668638409.0,13093369662.0,1.487841667,1.487841667,7383.0,4295405.0,7253430775.0,29803684811.0,9310935022.0,19496217081.0,12779915415.0,-6424731253.0
Israel,1987.0,0.0,0.0,8162125881.0,16722771457.0,1.594641667,1.594641667,8710.0,4412030.0,9157601998.0,37352131863.0,12235830202.0,23813087781.0,16706548334.0,-8560645576.0
Israel,1988.0,0.0,0.0,9481713607.0,21038409502.0,1.598933333,1.598933333,10469.0,4535396.0,10803060989.0,45973225194.0,14098244044.0,28921810172.0,17363428790.0,-11556695895.0
Israel,1989.0,0.0,0.0,9120626856.0,22031543448.0,1.916416667,1.916416667,10183.0,4666782.0,11095850666.0,46825757314.0,13296245691.0,29025360643.0,17601995666.0,-12910916592.0
Israel,1990.0,0.0,0.0,12067008123.0,25390694129.0,2.016175,2.016175,11796.0,4803254.0,12471253830.0,53558714952.0,16049617505.0,33624954343.0,20556098855.0,-13323686006.0
Israel,1991.0,0.0,0.0,17890498636.0,28407537616.0,2.279108333,2.279108333,13251.0,4942812.0,13280271548.0,59291202973.0,17915797731.0,37430001076.0,22667206193.0,-10517038980.0
Israel,1992.0,0.0,0.0,19842117602.0,31377157122.0,2.459083333,2.459083333,14393.0,5079389.0,14972554684.0,66062565158.0,19052228123.0,41544850221.0,24317314276.0,-11535039520.0
Israel,1993.0,0.0,0.0,20437078044.0,32572208200.0,2.830083333,2.830083333,14089.0,5212998.0,15115984203.0,66959037694.0,19191161824.0,42817676544.0,27238964501.0,-12135130156.0
Israel,1994.0,0.0,0.0,22675336837.0,38611415757.0,3.011055208,3.011055208,15587.0,5346292.0,16342219009.0,76368247960.0,21610783637.0,49123422904.0,30740421225.0,-15936078920.0
Israel,1995.0,0.0,0.0,26254819477.0,45115969964.0,3.011291667,3.011291667,17877.0,5478734.0,17613594538.0,88582962066.0,26517457503.0,55646003027.0,35384483403.0,-18861150487.0
Israel,1996.0,0.0,0.0,28795597575.0,49172592228.0,3.19165,3.19165,19039.0,5612494.0,19436318836.0,97126021282.0,29551639779.0,59712839096.0,37634139082.0,-20376994653.0
Israel,1997.0,0.0,0.0,28733083016.0,51151830620.0,3.44935,3.44935,19303.0,5743283.0,20632657432.0,101000000000.0,30373219273.0,61028996999.0,37371388812.0,-22418747604.0
Israel,1998.0,0.0,0.0,27040555042.0,51876185163.0,3.800075,3.800075,19099.0,5869504.0,21031930563.0,103000000000.0,30116286389.0,61864269521.0,36161917857.0,-24835630121.0
Israel,1999.0,0.0,0.0,27793231920.0,52362883187.0,4.139716667,4.139716667,18706.0,5994088.0,21121592818.0,104000000000.0,29873950745.0,62476234662.0,41205718588.0,-24569651267.0
Israel,2000.0,0.0,0.0,30427482170.0,56968750098.0,4.077333333,4.077333333,20304.0,6116958.0,24567942515.0,119000000000.0,32121535178.0,70031073537.0,47197759974.0,-26541267928.0
Israel,2001.0,0.0,0.0,29565634373.0,59104172619.0,4.20565,4.20565,20099.0,6237982.0,22745517243.0,117000000000.0,33305023575.0,71074048768.0,44055496772.0,-29538538246.0
Israel,2002.0,0.0,0.0,25292448434.0,56094152447.0,4.737825,4.737825,18364.0,6356693.0,20544158934.0,108000000000.0,32481047464.0,66904098062.0,43361880188.0,-30801704013.0
Israel,2003.0,0.0,0.0,24961933782.0,58504590623.0,4.554133333,4.554133333,18909.0,6475913.0,21216503151.0,113000000000.0,33030120879.0,70014407739.0,44930392903.0,-33542656841.0
Israel,2004.0,0.0,0.0,26937154965.0,62063786946.0,4.481983333,4.481983333,19954.0,6595986.0,22528134313.0,121000000000.0,33382137342.0,75149557919.0,52894663449.0,-35126631981.0
Israel,2005.0,0.0,0.0,29507347305.0,65092467683.0,4.4877,4.4877,21063.0,6714124.0,24475773975.0,127000000000.0,34494057446.0,78817486329.0,58275508612.0,-35585120378.0
Israel,2006.0,0.0,0.0,31856270733.0,70881915775.0,4.455808333,4.455808333,22472.0,6832077.0,26778919451.0,138000000000.0,36825584075.0,85234663699.0,62603231363.0,-39025645042.0
Israel,2007.0,0.0,0.0,38532001121.0,82332081875.0,4.108082949,4.108082949,25737.0,6952003.0,31297631686.0,160000000000.0,41081833155.0,101000000000.0,74068611509.0,-43800080754.0
Israel,2008.0,0.0,0.0,44196542473.0,101000000000.0,3.588021194,3.588021194,30037.0,7074522.0,36330266433.0,194000000000.0,49525167714.0,124000000000.0,84524584331.0,-56803457527.0
Israel,2009.0,0.0,0.0,38501276697.0,98006921246.0,3.932335478,3.932335478,28196.0,7199703.0,33601028013.0,186000000000.0,47314628888.0,117000000000.0,63707433256.0,-59505644549.0
Israel,2010.0,0.0,0.0,44393808811.0,111000000000.0,3.738975,3.738975,31427.0,7328445.0,37693728571.0,209000000000.0,52980880803.0,133000000000.0,76946756798.0,-66606191189.0
Israel,2011.0,0.0,0.0,55300641778.0,124000000000.0,3.578129306,3.578129306,34689.0,7459749.0,39671260910.0,234000000000.0,58733613018.0,149000000000.0,93101442539.0,-68699358222.0
Israel,2012.0,0.0,0.0,55236675987.0,124000000000.0,3.855921825,3.855921825,33165.0,7592106.0,39337747186.0,232000000000.0,58555085690.0,145000000000.0,92903904234.0,-68763324013.0
Israel,2013.0,0.0,0.0,59226858615.0,140000000000.0,3.610758333,3.610758333,37302.0,7726676.0,43561324358.0,264000000000.0,66522486006.0,163000000000.0,93508766644.0,-80773141385.0
Israel,2014.0,0.0,0.0,63871515697.0,148000000000.0,3.577925,3.577925,39302.0,7863846.0,45616253018.0,278000000000.0,70133576584.0,172000000000.0,95210277298.0,-84128484303.0
Israel,2015.0,0.0,0.0,59502087964.0,142000000000.0,3.886833333,3.886833333,37152.0,8007778.0,43513522312.0,269000000000.0,67209314935.0,164000000000.0,85078697114.0,-82497912036.0
Israel,2016.0,0.0,0.0,66910082575.0,152000000000.0,3.840566667,3.840566667,38747.0,8159009.0,43319781141.0,286000000000.0,71153856115.0,175000000000.0,90474440404.0,-85089917425.0
Israel,2017.0,0.0,0.0,75045515172.0,172000000000.0,3.599555548,3.599555548,42542.0,8309257.0,46307879215.0,321000000000.0,79567360406.0,194000000000.0,97864381447.0,-96954484828.0
Israel,2018.0,0.0,0.0,81852557935.0,180000000000.0,3.590558127,3.590558127,44152.0,8456483.0,48871839202.0,338000000000.0,85020301555.0,204000000000.0,109000000000.0,-98147442065.0
Israel,2019.0,0.0,0.0,84813523534.0,190000000000.0,3.564527347,3.564527347,45968.0,8607919.0,51261213407.0,361000000000.0,89503769077.0,215000000000.0,109000000000.0,-105186476466.0
Israel,2020.0,0.0,0.0,90038965313.0,196000000000.0,3.442405852,3.442405852,46012.0,8757489.0,52592539252.0,371000000000.0,96601715282.0,202000000000.0,95192322227.0,-105961034687.0
Israel,2021.0,0.0,0.0,110000000000.0,229000000000.0,3.230198323,3.230198323,53302.0,8900059.0,60085309574.0,437000000000.0,107000000000.0,243000000000.0,122000000000.0,-119000000000.0
Japan,1970.0,0.0,0.0,87370670739.0,50148209098.0,360.0000004,360.0000004,2015.0,105416839.0,80829448615.0,209000000000.0,23632552790.0,98881949459.0,19572635761.0,37222461641.0
Japan,1971.0,0.0,0.0,90431127311.0,60259410124.0,350.6776935,350.6776935,2248.0,106789355.0,89301211872.0,236000000000.0,28557230151.0,114000000000.0,20867004498.0,30171717187.0
Japan,1972.0,0.0,0.0,119000000000.0,83397695408.0,303.1725,303.1725,2942.0,108220404.0,115000000000.0,313000000000.0,38769632578.0,153000000000.0,25436329223.0,35602304592.0
Japan,1973.0,0.0,0.0,173000000000.0,112000000000.0,271.7016667,271.7016667,3944.0,109679470.0,158000000000.0,429000000000.0,53589739617.0,206000000000.0,41807602702.0,61000000000.0
Japan,1974.0,0.0,0.0,188000000000.0,126000000000.0,292.0825,292.0825,4314.0,111100023.0,168000000000.0,472000000000.0,65355331880.0,232000000000.0,66503972919.0,62000000000.0
Japan,1975.0,0.0,0.0,180000000000.0,143000000000.0,296.7875,296.7875,4639.0,112411640.0,167000000000.0,508000000000.0,78243708239.0,265000000000.0,64302596002.0,37000000000.0
Japan,1976.0,0.0,0.0,197000000000.0,161000000000.0,296.5525,296.5525,5159.0,113624865.0,191000000000.0,573000000000.0,86336014935.0,300000000000.0,72270446349.0,36000000000.0
Japan,1977.0,0.0,0.0,234000000000.0,202000000000.0,268.51,268.51,6290.0,114761516.0,231000000000.0,702000000000.0,106000000000.0,370000000000.0,79894824197.0,32000000000.0
Japan,1978.0,0.0,0.0,330000000000.0,290000000000.0,210.4416667,210.4416667,8765.0,115809525.0,323000000000.0,985000000000.0,146000000000.0,520000000000.0,91906341383.0,40000000000.0
Japan,1979.0,0.0,0.0,361000000000.0,310000000000.0,219.14,219.14,9056.0,116765509.0,331000000000.0,1030000000000.0,153000000000.0,551000000000.0,127000000000.0,51000000000.0
Japan,1980.0,0.0,0.0,375000000000.0,351000000000.0,226.7408333,226.7408333,9404.0,117624196.0,352000000000.0,1100000000000.0,162000000000.0,579000000000.0,156000000000.0,24000000000.0
Japan,1981.0,0.0,0.0,399000000000.0,387000000000.0,220.5358333,220.5358333,10290.0,118385723.0,387000000000.0,1210000000000.0,179000000000.0,633000000000.0,165000000000.0,12000000000.0
Japan,1982.0,0.0,0.0,358000000000.0,368000000000.0,249.0766667,249.0766667,9540.0,119098142.0,358000000000.0,1130000000000.0,168000000000.0,602000000000.0,152000000000.0,-10000000000.0
Japan,1983.0,0.0,0.0,375000000000.0,412000000000.0,237.5116667,237.5116667,10404.0,119793752.0,393000000000.0,1230000000000.0,185000000000.0,665000000000.0,146000000000.0,-37000000000.0
Japan,1984.0,0.0,0.0,396000000000.0,441000000000.0,237.5225,237.5225,10978.0,120470727.0,428000000000.0,1310000000000.0,193000000000.0,697000000000.0,158000000000.0,-45000000000.0
Japan,1985.0,0.0,0.0,420000000000.0,478000000000.0,238.5358333,238.5358333,11606.0,121119031.0,453000000000.0,1390000000000.0,200000000000.0,735000000000.0,150000000000.0,-58000000000.0
Japan,1986.0,0.0,0.0,623000000000.0,720000000000.0,168.5198333,168.5198333,17159.0,121710305.0,656000000000.0,2050000000000.0,295000000000.0,1080000000000.0,150000000000.0,-97000000000.0
Japan,1987.0,0.0,0.0,784000000000.0,892000000000.0,144.6375,144.6375,20852.0,122268885.0,780000000000.0,2510000000000.0,358000000000.0,1320000000000.0,182000000000.0,-108000000000.0
Japan,1988.0,0.0,0.0,1020000000000.0,1080000000000.0,128.1516667,128.1516667,25189.0,122798302.0,935000000000.0,3030000000000.0,421000000000.0,1580000000000.0,234000000000.0,-60000000000.0
Japan,1989.0,0.0,0.0,1030000000000.0,1070000000000.0,137.9644167,137.9644167,24976.0,123270648.0,921000000000.0,3030000000000.0,415000000000.0,1560000000000.0,268000000000.0,-40000000000.0
Japan,1990.0,0.0,0.0,1080000000000.0,1080000000000.0,144.7925,144.7925,25523.0,123686321.0,942000000000.0,3090000000000.0,424000000000.0,1600000000000.0,296000000000.0,0.0
Japan,1991.0,0.0,0.0,1230000000000.0,1230000000000.0,134.7066667,134.7066667,29095.0,124073993.0,1070000000000.0,3550000000000.0,487000000000.0,1820000000000.0,297000000000.0,0.0
Japan,1992.0,0.0,0.0,1270000000000.0,1390000000000.0,126.6513333,126.6513333,31682.0,124444693.0,1130000000000.0,3880000000000.0,547000000000.0,2010000000000.0,299000000000.0,-120000000000.0
Japan,1993.0,0.0,0.0,1370000000000.0,1660000000000.0,111.1977858,111.1977858,36014.0,124779576.0,1240000000000.0,4450000000000.0,651000000000.0,2340000000000.0,309000000000.0,-290000000000.0
Japan,1994.0,0.0,0.0,1530000000000.0,1890000000000.0,102.2078058,102.2078058,39552.0,125119269.0,1330000000000.0,4970000000000.0,737000000000.0,2640000000000.0,348000000000.0,-360000000000.0
Japan,1995.0,0.0,0.0,1720000000000.0,2080000000000.0,94.05957917,94.05957917,44587.0,125433969.0,1480000000000.0,5500000000000.0,836000000000.0,2920000000000.0,420000000000.0,-360000000000.0
Japan,1996.0,0.0,0.0,1580000000000.0,1870000000000.0,108.7790567,108.7790567,39632.0,125726223.0,1310000000000.0,4880000000000.0,746000000000.0,2580000000000.0,440000000000.0,-290000000000.0
Japan,1997.0,0.0,0.0,1400000000000.0,1720000000000.0,120.9908625,120.9908625,36114.0,126027985.0,1200000000000.0,4480000000000.0,687000000000.0,2360000000000.0,422000000000.0,-320000000000.0
Japan,1998.0,0.0,0.0,1210000000000.0,1600000000000.0,130.9053007,130.9053007,32848.0,126308390.0,1080000000000.0,4090000000000.0,642000000000.0,2170000000000.0,354000000000.0,-390000000000.0
Japan,1999.0,0.0,0.0,1310000000000.0,1830000000000.0,113.906805,113.906805,37082.0,126555063.0,1200000000000.0,4650000000000.0,752000000000.0,2510000000000.0,386000000000.0,-520000000000.0
Japan,2000.0,0.0,0.0,1410000000000.0,2000000000000.0,107.7654983,107.7654983,39748.0,126803861.0,1280000000000.0,4970000000000.0,822000000000.0,2670000000000.0,452000000000.0,-590000000000.0
Japan,2001.0,0.0,0.0,1210000000000.0,1790000000000.0,121.5289475,121.5289475,34964.0,127065731.0,1080000000000.0,4350000000000.0,754000000000.0,2380000000000.0,415000000000.0,-580000000000.0
Japan,2002.0,0.0,0.0,1080000000000.0,1750000000000.0,125.3880192,125.3880192,33337.0,127301750.0,1010000000000.0,4180000000000.0,743000000000.0,2300000000000.0,401000000000.0,-670000000000.0
Japan,2003.0,0.0,0.0,1160000000000.0,1910000000000.0,115.9334642,115.9334642,36020.0,127502352.0,1090000000000.0,4520000000000.0,806000000000.0,2480000000000.0,446000000000.0,-750000000000.0
Japan,2004.0,0.0,0.0,1250000000000.0,2060000000000.0,108.1925692,108.1925692,39066.0,127671288.0,1190000000000.0,4900000000000.0,867000000000.0,2680000000000.0,532000000000.0,-810000000000.0
Japan,2005.0,0.0,0.0,1260000000000.0,2050000000000.0,110.2182117,110.2182117,38644.0,127798373.0,1180000000000.0,4850000000000.0,857000000000.0,2650000000000.0,600000000000.0,-790000000000.0
Japan,2006.0,0.0,0.0,1200000000000.0,1980000000000.0,116.2993117,116.2993117,36939.0,127902167.0,1120000000000.0,4610000000000.0,810000000000.0,2530000000000.0,661000000000.0,-780000000000.0
Japan,2007.0,0.0,0.0,1180000000000.0,1980000000000.0,117.7535292,117.7535292,36874.0,128006426.0,1130000000000.0,4590000000000.0,808000000000.0,2510000000000.0,711000000000.0,-800000000000.0
Japan,2008.0,0.0,0.0,1320000000000.0,2230000000000.0,103.359494,103.359494,40943.0,128077633.0,1220000000000.0,5110000000000.0,920000000000.0,2850000000000.0,863000000000.0,-910000000000.0
Japan,2009.0,0.0,0.0,1200000000000.0,2410000000000.0,93.57008909,93.57008909,42324.0,128117042.0,1170000000000.0,5300000000000.0,1020000000000.0,3050000000000.0,633000000000.0,-1210000000000.0
Japan,2010.0,0.0,0.0,1300000000000.0,2560000000000.0,87.779875,87.779875,46153.0,128105431.0,1360000000000.0,5760000000000.0,1110000000000.0,3280000000000.0,782000000000.0,-1260000000000.0
Japan,2011.0,0.0,0.0,1470000000000.0,2820000000000.0,79.80701983,79.80701983,50110.0,128007257.0,1370000000000.0,6200000000000.0,1240000000000.0,3570000000000.0,961000000000.0,-1350000000000.0
Japan,2012.0,0.0,0.0,1510000000000.0,2830000000000.0,79.79045542,79.79045542,50413.0,127853688.0,1370000000000.0,6240000000000.0,1250000000000.0,3620000000000.0,1010000000000.0,-1320000000000.0
Japan,2013.0,0.0,0.0,1270000000000.0,2350000000000.0,97.59565828,97.59565828,42228.0,127678924.0,1130000000000.0,5180000000000.0,1030000000000.0,3030000000000.0,948000000000.0,-1080000000000.0
Japan,2014.0,0.0,0.0,1230000000000.0,2190000000000.0,105.944781,105.944781,39843.0,127476735.0,1090000000000.0,4860000000000.0,976000000000.0,2820000000000.0,980000000000.0,-960000000000.0
Japan,2015.0,0.0,0.0,1120000000000.0,1960000000000.0,121.0440257,121.0440257,36304.0,127250933.0,1040000000000.0,4420000000000.0,872000000000.0,2480000000000.0,800000000000.0,-840000000000.0
Japan,2016.0,0.0,0.0,1240000000000.0,2210000000000.0,108.7929,108.7929,40772.0,126993857.0,1160000000000.0,4990000000000.0,984000000000.0,2740000000000.0,763000000000.0,-970000000000.0
Japan,2017.0,0.0,0.0,1240000000000.0,2160000000000.0,112.1661411,112.1661411,40369.0,126662472.0,1160000000000.0,4910000000000.0,957000000000.0,2690000000000.0,830000000000.0,-920000000000.0
Japan,2018.0,0.0,0.0,1290000000000.0,2220000000000.0,110.4231793,110.4231793,41429.0,126255866.0,1190000000000.0,5010000000000.0,986000000000.0,2760000000000.0,922000000000.0,-930000000000.0
Japan,2019.0,0.0,0.0,1320000000000.0,2270000000000.0,109.0096659,109.0096659,42320.0,125791677.0,1190000000000.0,5080000000000.0,1020000000000.0,2790000000000.0,909000000000.0,-950000000000.0
Japan,2020.0,0.0,0.0,1280000000000.0,2300000000000.0,106.7745823,106.7745823,41701.0,125244761.0,1160000000000.0,5020000000000.0,1060000000000.0,2710000000000.0,796000000000.0,-1020000000000.0
Japan,2021.0,0.0,0.0,1250000000000.0,2210000000000.0,109.7543238,109.7543238,41162.0,124612530.0,1150000000000.0,4910000000000.0,1060000000000.0,2660000000000.0,936000000000.0,-960000000000.0
Russian Federation,1990.0,0.0,0.0,184000000000.0,85195436140.0,0.001048023,0.000666,3870.0,148005704.0,213000000000.0,527000000000.0,114000000000.0,279000000000.0,109000000000.0,98804563860.0
Russian Federation,1991.0,0.0,0.0,217000000000.0,86762526769.0,0.002316565,0.00175,3789.0,148455402.0,216000000000.0,548000000000.0,89189293876.0,248000000000.0,77617643706.0,130237473231.0
Russian Federation,1992.0,0.0,0.0,181000000000.0,65729621451.0,0.036000623,0.2221,3241.0,148725601.0,181000000000.0,510000000000.0,65462049162.0,170000000000.0,252000000000.0,115270378549.0
Russian Federation,1993.0,0.0,0.0,132000000000.0,82278537610.0,0.347596375,0.991666667,3040.0,148897270.0,156000000000.0,436000000000.0,76606341715.0,203000000000.0,149000000000.0,49721462390.0
Russian Federation,1994.0,0.0,0.0,111000000000.0,77313224417.0,1.388210117,2.19075,2730.0,148829113.0,137000000000.0,394000000000.0,88102870637.0,191000000000.0,101000000000.0,33686775583.0
Russian Federation,1995.0,0.0,0.0,109000000000.0,74643968192.0,3.576215275,4.55915,2674.0,148557451.0,113000000000.0,370000000000.0,74911532388.0,208000000000.0,103000000000.0,34356031808.0
Russian Federation,1996.0,0.0,0.0,99231706101.0,68149649673.0,5.120833333,5.120833333,2622.0,148233411.0,115000000000.0,354000000000.0,75138560038.0,204000000000.0,85668478438.0,31082056428.0
Russian Federation,1997.0,0.0,0.0,95150682862.0,80024208712.0,5.784833333,5.784833333,2694.0,147939972.0,118000000000.0,365000000000.0,83881158700.0,222000000000.0,91223267740.0,15126474150.0
Russian Federation,1998.0,0.0,0.0,43349984604.0,56456361693.0,9.705083333,9.705083333,1764.0,147672728.0,79817051462.0,244000000000.0,49901860486.0,156000000000.0,66525322640.0,-13106377089.0
Russian Federation,1999.0,0.0,0.0,31065396797.0,36977762144.0,24.6199,24.6199,1284.0,147336388.0,57630723197.0,175000000000.0,28080293011.0,105000000000.0,51273530762.0,-5912365347.0
Russian Federation,2000.0,0.0,0.0,51912544565.0,49027157647.0,28.12916667,28.12916667,1733.0,146844839.0,76552592429.0,230000000000.0,38532219640.0,120000000000.0,62419364242.0,2885386918.0
Russian Federation,2001.0,0.0,0.0,71960368914.0,66717997275.0,29.168525,29.168525,2080.0,146235530.0,82393513864.0,271000000000.0,49544309209.0,151000000000.0,74255647140.0,5242371639.0
Russian Federation,2002.0,0.0,0.0,73989315649.0,84051943736.0,31.34848333,31.34848333,2341.0,145590136.0,85358150043.0,309000000000.0,59940963024.0,176000000000.0,84412504805.0,-10062628087.0
Russian Federation,2003.0,0.0,0.0,95976907434.0,107000000000.0,30.692025,30.692025,2903.0,144946723.0,102000000000.0,382000000000.0,74651855231.0,218000000000.0,103000000000.0,-11023092566.0
Russian Federation,2004.0,0.0,0.0,132000000000.0,136000000000.0,28.81374167,28.81374167,4033.0,144353636.0,160000000000.0,521000000000.0,97107784066.0,298000000000.0,131000000000.0,-4000000000.0
Russian Federation,2005.0,0.0,0.0,164000000000.0,177000000000.0,28.28444167,28.28444167,5214.0,143800049.0,218000000000.0,661000000000.0,125000000000.0,382000000000.0,164000000000.0,-13000000000.0
Russian Federation,2006.0,0.0,0.0,224000000000.0,236000000000.0,27.19095833,27.19095833,6737.0,143338669.0,274000000000.0,853000000000.0,167000000000.0,483000000000.0,208000000000.0,-12000000000.0
Russian Federation,2007.0,0.0,0.0,336000000000.0,323000000000.0,25.58084537,25.58084537,8921.0,143117693.0,347000000000.0,1120000000000.0,218000000000.0,633000000000.0,280000000000.0,13000000000.0
Russian Federation,2008.0,0.0,0.0,453000000000.0,419000000000.0,24.852875,24.852875,11381.0,143086549.0,428000000000.0,1430000000000.0,287000000000.0,811000000000.0,367000000000.0,34000000000.0
Russian Federation,2009.0,0.0,0.0,247000000000.0,362000000000.0,31.74035833,31.74035833,8346.0,143163643.0,297000000000.0,1080000000000.0,246000000000.0,667000000000.0,251000000000.0,-115000000000.0
Russian Federation,2010.0,0.0,0.0,369000000000.0,422000000000.0,30.36791534,30.36791534,10410.0,143242599.0,378000000000.0,1330000000000.0,276000000000.0,785000000000.0,322000000000.0,-53000000000.0
Russian Federation,2011.0,0.0,0.0,496000000000.0,643000000000.0,29.38234137,29.38234137,13851.0,143364543.0,465000000000.0,1770000000000.0,361000000000.0,1030000000000.0,409000000000.0,-147000000000.0
Russian Federation,2012.0,0.0,0.0,542000000000.0,721000000000.0,30.83983135,30.83983135,14900.0,143629362.0,495000000000.0,1910000000000.0,397000000000.0,1140000000000.0,447000000000.0,-179000000000.0
Russian Federation,2013.0,0.0,0.0,533000000000.0,784000000000.0,31.83714364,31.83714364,15369.0,143956866.0,504000000000.0,2000000000000.0,428000000000.0,1220000000000.0,469000000000.0,-251000000000.0
Russian Federation,2014.0,0.0,0.0,461000000000.0,685000000000.0,38.37820714,38.37820714,13801.0,144285070.0,449000000000.0,1790000000000.0,383000000000.0,1090000000000.0,426000000000.0,-224000000000.0
Russian Federation,2015.0,0.0,0.0,302000000000.0,461000000000.0,60.93765011,60.93765011,9164.0,144668389.0,319000000000.0,1220000000000.0,249000000000.0,711000000000.0,282000000000.0,-159000000000.0
Russian Federation,2016.0,0.0,0.0,295000000000.0,439000000000.0,67.05593333,67.05593333,8554.0,145109157.0,291000000000.0,1150000000000.0,238000000000.0,678000000000.0,264000000000.0,-144000000000.0
Russian Federation,2017.0,0.0,0.0,372000000000.0,530000000000.0,58.34280119,58.34280119,10534.0,145452536.0,376000000000.0,1420000000000.0,290000000000.0,829000000000.0,327000000000.0,-158000000000.0
Russian Federation,2018.0,0.0,0.0,363000000000.0,533000000000.0,62.66813333,62.66813333,11101.0,145652293.0,419000000000.0,1480000000000.0,293000000000.0,836000000000.0,345000000000.0,-170000000000.0
Russian Federation,2019.0,0.0,0.0,384000000000.0,552000000000.0,64.73765833,64.73765833,11250.0,145742286.0,425000000000.0,1520000000000.0,306000000000.0,874000000000.0,352000000000.0,-168000000000.0
Russian Federation,2020.0,0.0,0.0,348000000000.0,502000000000.0,72.10490833,72.10490833,9987.0,145617329.0,355000000000.0,1340000000000.0,274000000000.0,783000000000.0,305000000000.0,-154000000000.0
Russian Federation,2021.0,0.0,0.0,399000000000.0,566000000000.0,73.65435,73.65435,11960.0,145102755.0,468000000000.0,1600000000000.0,313000000000.0,894000000000.0,379000000000.0,-167000000000.0
USSR (Former),1970.0,0.0,0.0,155000000000.0,111000000000.0,0.9,0.9,1804.0,240269771.0,165000000000.0,433000000000.0,67346341463.0,205000000000.0,0.0,44000000000.0
USSR (Former),1971.0,0.0,0.0,160000000000.0,117000000000.0,0.9,0.9,1880.0,242289040.0,174000000000.0,456000000000.0,72526829268.0,216000000000.0,0.0,43000000000.0
USSR (Former),1972.0,0.0,0.0,171000000000.0,135000000000.0,0.823,0.823,2110.0,244460015.0,199000000000.0,516000000000.0,85921820823.0,249000000000.0,0.0,36000000000.0
USSR (Former),1973.0,0.0,0.0,218000000000.0,161000000000.0,0.74,0.74,2505.0,246597630.0,234000000000.0,618000000000.0,105000000000.0,290000000000.0,0.0,57000000000.0
USSR (Former),1974.0,0.0,0.0,210000000000.0,158000000000.0,0.772,0.772,2479.0,248772105.0,241000000000.0,617000000000.0,108000000000.0,292000000000.0,0.0,52000000000.0
USSR (Former),1975.0,0.0,0.0,221000000000.0,183000000000.0,0.723,0.723,2732.0,251048606.0,264000000000.0,686000000000.0,126000000000.0,331000000000.0,0.0,38000000000.0
USSR (Former),1976.0,0.0,0.0,225000000000.0,181000000000.0,0.76,0.76,2718.0,253354772.0,263000000000.0,689000000000.0,128000000000.0,329000000000.0,0.0,44000000000.0
USSR (Former),1977.0,0.0,0.0,239000000000.0,190000000000.0,0.739,0.739,2888.0,255676477.0,280000000000.0,738000000000.0,140000000000.0,354000000000.0,0.0,49000000000.0
USSR (Former),1978.0,0.0,0.0,272000000000.0,217000000000.0,0.684,0.684,3257.0,257977776.0,322000000000.0,840000000000.0,162000000000.0,401000000000.0,0.0,55000000000.0
USSR (Former),1979.0,0.0,0.0,275000000000.0,230000000000.0,0.656,0.656,3466.0,260165382.0,345000000000.0,902000000000.0,178000000000.0,439000000000.0,0.0,45000000000.0
USSR (Former),1980.0,0.0,0.0,272000000000.0,240000000000.0,0.66,0.66,3585.0,262243102.0,361000000000.0,940000000000.0,188000000000.0,467000000000.0,0.0,32000000000.0
USSR (Former),1981.0,0.0,0.0,259000000000.0,231000000000.0,0.72,0.72,3431.0,264313541.0,344000000000.0,907000000000.0,180000000000.0,452000000000.0,0.0,28000000000.0
USSR (Former),1982.0,0.0,0.0,304000000000.0,242000000000.0,0.73,0.73,3602.0,266498529.0,365000000000.0,960000000000.0,190000000000.0,461000000000.0,0.0,62000000000.0
USSR (Former),1983.0,0.0,0.0,321000000000.0,250000000000.0,0.738,0.738,3693.0,268911386.0,344000000000.0,993000000000.0,199000000000.0,472000000000.0,0.0,71000000000.0
USSR (Former),1984.0,0.0,0.0,308000000000.0,237000000000.0,0.814,0.814,3457.0,271399586.0,322000000000.0,938000000000.0,188000000000.0,443000000000.0,0.0,71000000000.0
USSR (Former),1985.0,0.0,0.0,292000000000.0,234000000000.0,0.85,0.85,3338.0,273834304.0,310000000000.0,914000000000.0,187000000000.0,434000000000.0,0.0,58000000000.0
USSR (Former),1986.0,0.0,0.0,272000000000.0,225000000000.0,0.938037444,0.709,3079.0,276502237.0,275000000000.0,851000000000.0,177000000000.0,402000000000.0,0.0,47000000000.0
USSR (Former),1987.0,0.0,0.0,257000000000.0,219000000000.0,1.030623779,0.637,2865.0,279366930.0,261000000000.0,800000000000.0,167000000000.0,377000000000.0,0.0,38000000000.0
USSR (Former),1988.0,0.0,0.0,247000000000.0,219000000000.0,1.11687502,0.607,2779.0,282085934.0,241000000000.0,784000000000.0,168000000000.0,368000000000.0,0.0,28000000000.0
USSR (Former),1989.0,0.0,0.0,177000000000.0,223000000000.0,1.204147894,0.627,2750.0,284368230.0,234000000000.0,782000000000.0,167000000000.0,371000000000.0,0.0,-46000000000.0
USSR (Former),1990.0,0.0,0.0,227000000000.0,225000000000.0,1.291091229,0.666,2763.0,286184425.0,225000000000.0,791000000000.0,168000000000.0,373000000000.0,0.0,2000000000.0
United Kingdom,1970.0,0.0,0.0,31717018671.0,46206113184.0,0.416666999,0.416666999,2546.0,55650166.0,41646337553.0,131000000000.0,23202463871.0,88390537411.0,27375638138.0,-14489094513.0
United Kingdom,1971.0,0.0,0.0,35087631824.0,53656457044.0,0.410920237,0.410920237,2862.0,55875903.0,46406509064.0,149000000000.0,26803430439.0,100000000000.0,30378114444.0,-18568825220.0
United Kingdom,1972.0,0.0,0.0,39213424166.0,63436874919.0,0.400390462,0.400390462,3272.0,56057315.0,52640800306.0,173000000000.0,31367520475.0,117000000000.0,35205933593.0,-24223450753.0
United Kingdom,1973.0,0.0,0.0,52099756842.0,73812924830.0,0.408170945,0.408170945,3706.0,56166630.0,58766843981.0,198000000000.0,35181117533.0,131000000000.0,47637753799.0,-21713167988.0
United Kingdom,1974.0,0.0,0.0,56905032252.0,82289781472.0,0.42775644,0.42775644,4000.0,56233776.0,62844077538.0,218000000000.0,41565515672.0,144000000000.0,65161677090.0,-25384749220.0
United Kingdom,1975.0,0.0,0.0,57583125116.0,99178501869.0,0.452041166,0.452041166,4739.0,56266842.0,72644018842.0,258000000000.0,54249705254.0,168000000000.0,65423667679.0,-41595376753.0
United Kingdom,1976.0,0.0,0.0,60318589268.0,96109732196.0,0.556509832,0.556509832,4561.0,56263232.0,70803537946.0,248000000000.0,51601478234.0,159000000000.0,67659715628.0,-35791142928.0
United Kingdom,1977.0,0.0,0.0,66572259009.0,109000000000.0,0.573271999,0.573271999,5089.0,56244840.0,80650912845.0,278000000000.0,54696381569.0,176000000000.0,76085479626.0,-42427740991.0
United Kingdom,1978.0,0.0,0.0,82920214826.0,139000000000.0,0.521504582,0.521504582,6471.0,56240768.0,104000000000.0,351000000000.0,68113917314.0,223000000000.0,89519846194.0,-56079785174.0
United Kingdom,1979.0,0.0,0.0,109000000000.0,181000000000.0,0.472181166,0.472181166,8367.0,56265154.0,136000000000.0,452000000000.0,87245402814.0,292000000000.0,118000000000.0,-72000000000.0
United Kingdom,1980.0,0.0,0.0,121000000000.0,233000000000.0,0.430294999,0.430294999,10662.0,56326328.0,176000000000.0,577000000000.0,120000000000.0,372000000000.0,138000000000.0,-112000000000.0
United Kingdom,1981.0,0.0,0.0,104000000000.0,226000000000.0,0.497641332,0.497641332,10129.0,56395846.0,165000000000.0,551000000000.0,118000000000.0,358000000000.0,125000000000.0,-122000000000.0
United Kingdom,1982.0,0.0,0.0,103000000000.0,217000000000.0,0.572446832,0.572446832,9615.0,56450133.0,154000000000.0,521000000000.0,111000000000.0,341000000000.0,122000000000.0,-114000000000.0
United Kingdom,1983.0,0.0,0.0,103000000000.0,209000000000.0,0.659724582,0.659724582,9170.0,56501612.0,144000000000.0,495000000000.0,105000000000.0,325000000000.0,121000000000.0,-106000000000.0
United Kingdom,1984.0,0.0,0.0,102000000000.0,199000000000.0,0.751806666,0.751806666,8642.0,56568253.0,133000000000.0,464000000000.0,97376976404.0,307000000000.0,127000000000.0,-97000000000.0
United Kingdom,1985.0,0.0,0.0,107000000000.0,213000000000.0,0.779246,0.779246,9042.0,56643045.0,139000000000.0,489000000000.0,99386363260.0,324000000000.0,131000000000.0,-106000000000.0
United Kingdom,1986.0,0.0,0.0,130000000000.0,261000000000.0,0.682197333,0.682197333,11148.0,56721909.0,164000000000.0,599000000000.0,122000000000.0,410000000000.0,153000000000.0,-131000000000.0
United Kingdom,1987.0,0.0,0.0,168000000000.0,317000000000.0,0.6119265,0.6119265,13669.0,56826322.0,192000000000.0,729000000000.0,146000000000.0,503000000000.0,188000000000.0,-149000000000.0
United Kingdom,1988.0,0.0,0.0,230000000000.0,385000000000.0,0.562170167,0.562170167,16610.0,56952648.0,225000000000.0,886000000000.0,171000000000.0,619000000000.0,229000000000.0,-155000000000.0
United Kingdom,1989.0,0.0,0.0,240000000000.0,393000000000.0,0.61117275,0.61117275,16678.0,57076099.0,220000000000.0,903000000000.0,170000000000.0,625000000000.0,241000000000.0,-153000000000.0
United Kingdom,1990.0,0.0,0.0,252000000000.0,492000000000.0,0.563177167,0.563177167,19512.0,57210442.0,235000000000.0,1050000000000.0,203000000000.0,733000000000.0,272000000000.0,-240000000000.0
United Kingdom,1991.0,0.0,0.0,225000000000.0,519000000000.0,0.567015333,0.567015333,20396.0,57359454.0,242000000000.0,1100000000000.0,222000000000.0,774000000000.0,259000000000.0,-294000000000.0
United Kingdom,1992.0,0.0,0.0,223000000000.0,548000000000.0,0.569774167,0.569774167,21245.0,57509240.0,249000000000.0,1140000000000.0,235000000000.0,812000000000.0,276000000000.0,-325000000000.0
United Kingdom,1993.0,0.0,0.0,196000000000.0,508000000000.0,0.666756553,0.666756553,19055.0,57647463.0,220000000000.0,1030000000000.0,204000000000.0,740000000000.0,264000000000.0,-312000000000.0
United Kingdom,1994.0,0.0,0.0,222000000000.0,543000000000.0,0.653426604,0.653426604,20762.0,57785900.0,243000000000.0,1120000000000.0,215000000000.0,794000000000.0,294000000000.0,-321000000000.0
United Kingdom,1995.0,0.0,0.0,251000000000.0,601000000000.0,0.63366812,0.63366812,22564.0,57930364.0,265000000000.0,1220000000000.0,230000000000.0,857000000000.0,339000000000.0,-350000000000.0
United Kingdom,1996.0,0.0,0.0,268000000000.0,632000000000.0,0.640958255,0.640958255,23705.0,58078586.0,282000000000.0,1290000000000.0,236000000000.0,910000000000.0,367000000000.0,-364000000000.0
United Kingdom,1997.0,0.0,0.0,276000000000.0,691000000000.0,0.610836114,0.610836114,26427.0,58250198.0,300000000000.0,1410000000000.0,251000000000.0,1030000000000.0,393000000000.0,-415000000000.0
United Kingdom,1998.0,0.0,0.0,301000000000.0,727000000000.0,0.603823594,0.603823594,28472.0,58438321.0,302000000000.0,1490000000000.0,266000000000.0,1100000000000.0,412000000000.0,-426000000000.0
United Kingdom,1999.0,0.0,0.0,304000000000.0,743000000000.0,0.618056845,0.618056845,28712.0,58635202.0,296000000000.0,1520000000000.0,279000000000.0,1120000000000.0,427000000000.0,-439000000000.0
United Kingdom,2000.0,0.0,0.0,305000000000.0,732000000000.0,0.660930833,0.660930833,28386.0,58850043.0,290000000000.0,1490000000000.0,278000000000.0,1100000000000.0,447000000000.0,-427000000000.0
United Kingdom,2001.0,0.0,0.0,299000000000.0,739000000000.0,0.694655,0.694655,28050.0,59092016.0,269000000000.0,1480000000000.0,286000000000.0,1090000000000.0,450000000000.0,-440000000000.0
United Kingdom,2002.0,0.0,0.0,326000000000.0,811000000000.0,0.667223333,0.667223333,30432.0,59355690.0,281000000000.0,1610000000000.0,325000000000.0,1180000000000.0,480000000000.0,-485000000000.0
United Kingdom,2003.0,0.0,0.0,369000000000.0,943000000000.0,0.6124725,0.6124725,34871.0,59649799.0,313000000000.0,1850000000000.0,388000000000.0,1340000000000.0,538000000000.0,-574000000000.0
United Kingdom,2004.0,0.0,0.0,429000000000.0,1130000000000.0,0.54618,0.54618,40716.0,59995851.0,354000000000.0,2180000000000.0,471000000000.0,1580000000000.0,639000000000.0,-701000000000.0
United Kingdom,2005.0,0.0,0.0,455000000000.0,1200000000000.0,0.549998333,0.549998333,42579.0,60383741.0,367000000000.0,2290000000000.0,500000000000.0,1640000000000.0,696000000000.0,-745000000000.0
United Kingdom,2006.0,0.0,0.0,495000000000.0,1300000000000.0,0.543486667,0.543486667,44392.0,60803700.0,387000000000.0,2440000000000.0,538000000000.0,1730000000000.0,796000000000.0,-805000000000.0
United Kingdom,2007.0,0.0,0.0,573000000000.0,1490000000000.0,0.499771667,0.499771667,50026.0,61260676.0,426000000000.0,2780000000000.0,610000000000.0,1970000000000.0,848000000000.0,-917000000000.0
United Kingdom,2008.0,0.0,0.0,513000000000.0,1420000000000.0,0.54396625,0.54396625,46855.0,61742151.0,414000000000.0,2650000000000.0,598000000000.0,1870000000000.0,853000000000.0,-907000000000.0
United Kingdom,2009.0,0.0,0.0,362000000000.0,1220000000000.0,0.641919263,0.641919263,38514.0,62243378.0,327000000000.0,2200000000000.0,532000000000.0,1560000000000.0,676000000000.0,-858000000000.0
United Kingdom,2010.0,0.0,0.0,404000000000.0,1230000000000.0,0.647179346,0.647179346,39714.0,62760039.0,344000000000.0,2240000000000.0,537000000000.0,1590000000000.0,754000000000.0,-826000000000.0
United Kingdom,2011.0,0.0,0.0,423000000000.0,1310000000000.0,0.624140836,0.624140836,42309.0,63286362.0,358000000000.0,2380000000000.0,558000000000.0,1710000000000.0,855000000000.0,-887000000000.0
United Kingdom,2012.0,0.0,0.0,430000000000.0,1340000000000.0,0.633046989,0.633046989,42019.0,63808727.0,363000000000.0,2420000000000.0,563000000000.0,1740000000000.0,853000000000.0,-910000000000.0
United Kingdom,2013.0,0.0,0.0,459000000000.0,1370000000000.0,0.639660578,0.639660578,42563.0,64302297.0,377000000000.0,2490000000000.0,561000000000.0,1810000000000.0,881000000000.0,-911000000000.0
United Kingdom,2014.0,0.0,0.0,540000000000.0,1520000000000.0,0.607729627,0.607729627,46476.0,64773504.0,399000000000.0,2730000000000.0,609000000000.0,1980000000000.0,934000000000.0,-980000000000.0
United Kingdom,2015.0,0.0,0.0,521000000000.0,1460000000000.0,0.654545479,0.654545479,44018.0,65224364.0,368000000000.0,2620000000000.0,572000000000.0,1890000000000.0,859000000000.0,-939000000000.0
United Kingdom,2016.0,0.0,0.0,484000000000.0,1360000000000.0,0.740634464,0.740634464,40157.0,65655203.0,325000000000.0,2410000000000.0,517000000000.0,1750000000000.0,826000000000.0,-876000000000.0
United Kingdom,2017.0,0.0,0.0,492000000000.0,1340000000000.0,0.777002598,0.777002598,40180.0,66064804.0,327000000000.0,2390000000000.0,499000000000.0,1730000000000.0,862000000000.0,-848000000000.0
United Kingdom,2018.0,0.0,0.0,521000000000.0,1440000000000.0,0.749581638,0.749581638,42734.0,66432993.0,350000000000.0,2570000000000.0,531000000000.0,1870000000000.0,943000000000.0,-919000000000.0
United Kingdom,2019.0,0.0,0.0,522000000000.0,1430000000000.0,0.78344511,0.78344511,42766.0,66778659.0,345000000000.0,2550000000000.0,543000000000.0,1840000000000.0,939000000000.0,-908000000000.0
United Kingdom,2020.0,0.0,0.0,467000000000.0,1420000000000.0,0.779999577,0.779999577,39425.0,67059474.0,323000000000.0,2440000000000.0,609000000000.0,1620000000000.0,781000000000.0,-953000000000.0
United Kingdom,2021.0,0.0,0.0,567000000000.0,1600000000000.0,0.727064945,0.727064945,46338.0,67281039.0,381000000000.0,2810000000000.0,701000000000.0,1890000000000.0,899000000000.0,-1033000000000.0
United States,1970.0,0.0,0.0,230000000000.0,417000000000.0,1.0,1.0,5363.0,200328340.0,289000000000.0,1060000000000.0,193000000000.0,647000000000.0,55760000000.0,-187000000000.0
United States,1971.0,0.0,0.0,255000000000.0,457000000000.0,1.0,1.0,5731.0,202907917.0,305000000000.0,1150000000000.0,209000000000.0,700000000000.0,62342000000.0,-202000000000.0
United States,1972.0,0.0,0.0,289000000000.0,500000000000.0,1.0,1.0,6239.0,205238390.0,336000000000.0,1270000000000.0,225000000000.0,768000000000.0,74216000000.0,-211000000000.0
United States,1973.0,0.0,0.0,333000000000.0,552000000000.0,1.0,1.0,6907.0,207314764.0,375000000000.0,1420000000000.0,239000000000.0,850000000000.0,91159000000.0,-219000000000.0
United States,1974.0,0.0,0.0,351000000000.0,604000000000.0,1.0,1.0,7422.0,209277968.0,402000000000.0,1530000000000.0,265000000000.0,930000000000.0,127000000000.0,-253000000000.0
United States,1975.0,0.0,0.0,342000000000.0,666000000000.0,1.0,1.0,7973.0,211274535.0,432000000000.0,1660000000000.0,297000000000.0,1030000000000.0,123000000000.0,-324000000000.0
United States,1976.0,0.0,0.0,413000000000.0,736000000000.0,1.0,1.0,8766.0,213270022.0,491000000000.0,1850000000000.0,315000000000.0,1150000000000.0,151000000000.0,-323000000000.0
United States,1977.0,0.0,0.0,490000000000.0,824000000000.0,1.0,1.0,9667.0,215437405.0,559000000000.0,2070000000000.0,341000000000.0,1270000000000.0,182000000000.0,-334000000000.0
United States,1978.0,0.0,0.0,584000000000.0,937000000000.0,1.0,1.0,10785.0,217881437.0,625000000000.0,2340000000000.0,371000000000.0,1420000000000.0,212000000000.0,-353000000000.0
United States,1979.0,0.0,0.0,660000000000.0,1050000000000.0,1.0,1.0,11858.0,220463115.0,690000000000.0,2610000000000.0,405000000000.0,1590000000000.0,253000000000.0,-390000000000.0
United States,1980.0,0.0,0.0,666000000000.0,1180000000000.0,1.0,1.0,12759.0,223140018.0,747000000000.0,2850000000000.0,454000000000.0,1750000000000.0,294000000000.0,-514000000000.0
United States,1981.0,0.0,0.0,779000000000.0,1330000000000.0,1.0,1.0,14189.0,225654008.0,861000000000.0,3200000000000.0,507000000000.0,1930000000000.0,318000000000.0,-551000000000.0
United States,1982.0,0.0,0.0,738000000000.0,1450000000000.0,1.0,1.0,14787.0,228001418.0,867000000000.0,3350000000000.0,555000000000.0,2070000000000.0,303000000000.0,-712000000000.0
United States,1983.0,0.0,0.0,809000000000.0,1590000000000.0,1.0,1.0,15687.0,230389964.0,903000000000.0,3600000000000.0,595000000000.0,2280000000000.0,329000000000.0,-781000000000.0
United States,1984.0,0.0,0.0,1010000000000.0,1760000000000.0,1.0,1.0,17323.0,232766280.0,1010000000000.0,4030000000000.0,635000000000.0,2490000000000.0,405000000000.0,-750000000000.0
United States,1985.0,0.0,0.0,1050000000000.0,1920000000000.0,1.0,1.0,18329.0,235146182.0,1040000000000.0,4320000000000.0,691000000000.0,2710000000000.0,417000000000.0,-870000000000.0
United States,1986.0,0.0,0.0,1090000000000.0,2100000000000.0,1.0,1.0,19016.0,237512783.0,1030000000000.0,4560000000000.0,738000000000.0,2890000000000.0,453000000000.0,-1010000000000.0
United States,1987.0,0.0,0.0,1150000000000.0,2280000000000.0,1.0,1.0,20133.0,239853168.0,1100000000000.0,4890000000000.0,777000000000.0,3080000000000.0,509000000000.0,-1130000000000.0
United States,1988.0,0.0,0.0,1200000000000.0,2490000000000.0,1.0,1.0,21694.0,242287814.0,1200000000000.0,5310000000000.0,820000000000.0,3330000000000.0,554000000000.0,-1290000000000.0
United States,1989.0,0.0,0.0,1270000000000.0,2690000000000.0,1.0,1.0,22855.0,244954094.0,1250000000000.0,5650000000000.0,881000000000.0,3580000000000.0,591000000000.0,-1420000000000.0
United States,1990.0,0.0,0.0,1280000000000.0,2900000000000.0,1.0,1.0,23792.0,248083732.0,1290000000000.0,5960000000000.0,948000000000.0,3810000000000.0,630000000000.0,-1620000000000.0
United States,1991.0,0.0,0.0,1240000000000.0,3070000000000.0,1.0,1.0,24236.0,251560189.0,1290000000000.0,6170000000000.0,1000000000000.0,3940000000000.0,624000000000.0,-1830000000000.0
United States,1992.0,0.0,0.0,1310000000000.0,3270000000000.0,1.0,1.0,25220.0,255175339.0,1320000000000.0,6500000000000.0,1050000000000.0,4200000000000.0,668000000000.0,-1960000000000.0
United States,1993.0,0.0,0.0,1400000000000.0,3440000000000.0,1.0,1.0,26021.0,258779753.0,1380000000000.0,6810000000000.0,1070000000000.0,4450000000000.0,720000000000.0,-2040000000000.0
United States,1994.0,0.0,0.0,1550000000000.0,3590000000000.0,1.0,1.0,27339.0,262273589.0,1480000000000.0,7240000000000.0,1110000000000.0,4720000000000.0,813000000000.0,-2040000000000.0
United States,1995.0,0.0,0.0,1630000000000.0,3810000000000.0,1.0,1.0,28513.0,265660556.0,1560000000000.0,7640000000000.0,1140000000000.0,4960000000000.0,903000000000.0,-2180000000000.0
United States,1996.0,0.0,0.0,1750000000000.0,4040000000000.0,1.0,1.0,29912.0,268984347.0,1610000000000.0,8050000000000.0,1170000000000.0,5240000000000.0,964000000000.0,-2290000000000.0
United States,1997.0,0.0,0.0,1920000000000.0,4340000000000.0,1.0,1.0,31532.0,272395438.0,1670000000000.0,8580000000000.0,1220000000000.0,5540000000000.0,1060000000000.0,-2420000000000.0
United States,1998.0,0.0,0.0,2080000000000.0,4590000000000.0,1.0,1.0,33119.0,275835018.0,1700000000000.0,9060000000000.0,1270000000000.0,5880000000000.0,1120000000000.0,-2510000000000.0
United States,1999.0,0.0,0.0,2260000000000.0,4900000000000.0,1.0,1.0,34710.0,279181581.0,1780000000000.0,9630000000000.0,1350000000000.0,6280000000000.0,1250000000000.0,-2640000000000.0
United States,2000.0,0.0,0.0,2430000000000.0,5270000000000.0,1.0,1.0,36770.0,282398554.0,1870000000000.0,10300000000000.0,1440000000000.0,6770000000000.0,1480000000000.0,-2840000000000.0
United States,2001.0,0.0,0.0,2350000000000.0,5580000000000.0,1.0,1.0,37643.0,285470493.0,1810000000000.0,10600000000000.0,1540000000000.0,7070000000000.0,1400000000000.0,-3230000000000.0
United States,2002.0,0.0,0.0,2370000000000.0,5860000000000.0,1.0,1.0,38329.0,288350252.0,1790000000000.0,10900000000000.0,1650000000000.0,7350000000000.0,1440000000000.0,-3490000000000.0
United States,2003.0,0.0,0.0,2490000000000.0,6140000000000.0,1.0,1.0,39624.0,291109820.0,1880000000000.0,11500000000000.0,1750000000000.0,7740000000000.0,1560000000000.0,-3650000000000.0
United States,2004.0,0.0,0.0,2770000000000.0,6490000000000.0,1.0,1.0,41904.0,293947885.0,2010000000000.0,12200000000000.0,1850000000000.0,8230000000000.0,1810000000000.0,-3720000000000.0
United States,2005.0,0.0,0.0,3050000000000.0,6940000000000.0,1.0,1.0,44355.0,296842670.0,2150000000000.0,13000000000000.0,1960000000000.0,8770000000000.0,2040000000000.0,-3890000000000.0
United States,2006.0,0.0,0.0,3250000000000.0,7330000000000.0,1.0,1.0,46927.0,299753098.0,2330000000000.0,13800000000000.0,2070000000000.0,9280000000000.0,2260000000000.0,-4080000000000.0
United States,2007.0,0.0,0.0,3270000000000.0,7710000000000.0,1.0,1.0,48061.0,302743399.0,2430000000000.0,14500000000000.0,2200000000000.0,9750000000000.0,2400000000000.0,-4440000000000.0
United States,2008.0,0.0,0.0,3110000000000.0,7950000000000.0,1.0,1.0,48146.0,305694910.0,2470000000000.0,14800000000000.0,2350000000000.0,10100000000000.0,2580000000000.0,-4840000000000.0
United States,2009.0,0.0,0.0,2570000000000.0,8090000000000.0,1.0,1.0,46761.0,308512035.0,2270000000000.0,14500000000000.0,2430000000000.0,9890000000000.0,2000000000000.0,-5520000000000.0
United States,2010.0,0.0,0.0,2810000000000.0,8350000000000.0,1.0,1.0,48756.0,311182845.0,2430000000000.0,15000000000000.0,2510000000000.0,10300000000000.0,2390000000000.0,-5540000000000.0
United States,2011.0,0.0,0.0,2970000000000.0,8610000000000.0,1.0,1.0,50497.0,313876608.0,2560000000000.0,15600000000000.0,2510000000000.0,10700000000000.0,2700000000000.0,-5640000000000.0
United States,2012.0,0.0,0.0,3240000000000.0,9000000000000.0,1.0,1.0,52662.0,316651321.0,2620000000000.0,16300000000000.0,2520000000000.0,11000000000000.0,2770000000000.0,-5760000000000.0
United States,2013.0,0.0,0.0,3430000000000.0,9230000000000.0,1.0,1.0,53819.0,319375166.0,2720000000000.0,16800000000000.0,2530000000000.0,11400000000000.0,2770000000000.0,-5800000000000.0
United States,2014.0,0.0,0.0,3650000000000.0,9650000000000.0,1.0,1.0,56029.0,322033964.0,2820000000000.0,17600000000000.0,2570000000000.0,11800000000000.0,2890000000000.0,-6000000000000.0
United States,2015.0,0.0,0.0,3860000000000.0,10100000000000.0,1.0,1.0,57488.0,324607776.0,2740000000000.0,18200000000000.0,2610000000000.0,12300000000000.0,2790000000000.0,-6240000000000.0
United States,2016.0,0.0,0.0,3840000000000.0,10400000000000.0,1.0,1.0,58129.0,327210198.0,2670000000000.0,18700000000000.0,2660000000000.0,12700000000000.0,2740000000000.0,-6560000000000.0
United States,2017.0,0.0,0.0,4050000000000.0,10800000000000.0,1.0,1.0,60297.0,329791231.0,2840000000000.0,19500000000000.0,2730000000000.0,13200000000000.0,2920000000000.0,-6750000000000.0
United States,2018.0,0.0,0.0,4350000000000.0,11400000000000.0,1.0,1.0,63038.0,332140037.0,3030000000000.0,20500000000000.0,2870000000000.0,13900000000000.0,3130000000000.0,-7050000000000.0
United States,2019.0,0.0,0.0,4560000000000.0,11900000000000.0,1.0,1.0,65101.0,334319671.0,3060000000000.0,21400000000000.0,3010000000000.0,14400000000000.0,3120000000000.0,-7340000000000.0
United States,2020.0,0.0,0.0,4430000000000.0,12000000000000.0,1.0,1.0,63917.0,335942003.0,2840000000000.0,21100000000000.0,3140000000000.0,14100000000000.0,2780000000000.0,-7570000000000.0
United States,2021.0,0.0,0.0,4920000000000.0,12900000000000.0,1.0,1.0,70081.0,336997624.0,3270000000000.0,23300000000000.0,3350000000000.0,15900000000000.0,3400000000000.0,-7980000000000.0





