Country,Year,Political_Dynamics_Index2,Economic_Activity,Exports,Imports,Per_capita_GNI,Government_expenditure
China,1970.0,0.18,41951817126.0,31045205347.0,10906611779.0,113.0,49020853239.0
China,1971.0,0.2,46072990024.0,34244292259.0,11828697765.0,118.0,51263106387.0
China,1972.0,0.23,49310600588.0,36286490138.0,13024110450.0,132.0,59428071689.0
China,1973.0,0.29,61707298337.0,46572203218.0,15135095119.0,157.0,72006056985.0
China,1974.0,0.31,65086171536.0,48917499286.0,16168672250.0,160.0,74801142196.0
China,1975.0,0.37,76679907919.0,58548926083.0,18130981836.0,179.0,82186256631.0
China,1976.0,0.33,70463466411.0,52352824597.0,18110641814.0,166.0,81822396251.0
China,1977.0,0.39,81024622855.0,60602879976.0,20421742879.0,186.0,88695171104.0
China,1978.0,0.53,108965909725.0,83906513179.0,25059396546.0,229.0,104000000000.0
China,1979.0,0.63,127364333871.0,97743755074.0,29620578797.0,272.0,130000000000.0
China,1980.0,0.72,144725840921.0,108000000000.0,36725840921.0,312.0,156000000000.0
China,1981.0,0.66,132443276958.0,97553962172.0,34889314786.0,290.0,154000000000.0
China,1982.0,0.65,130529209546.0,92976535656.0,37552673890.0,281.0,151000000000.0
China,1983.0,0.7,141420750286.0,99627439122.0,41793311164.0,297.0,163000000000.0
China,1984.0,0.76,154387133860.0,110000000000.0,44387133860.0,302.0,159000000000.0
China,1985.0,0.81,167399669126.0,124000000000.0,43399669126.0,293.0,158000000000.0
China,1986.0,0.77,160737712239.0,116000000000.0,44737712239.0,279.0,153000000000.0
China,1987.0,0.84,174375352624.0,125000000000.0,49375352624.0,298.0,162000000000.0
China,1988.0,1.08,224215442895.0,163000000000.0,61215442895.0,365.0,202000000000.0
China,1989.0,1.21,251767985870.0,173000000000.0,78767985870.0,402.0,233000000000.0
China,1990.0,0.99,206129332648.0,137000000000.0,69129332648.0,343.0,197000000000.0
China,1991.0,1.05,219580305163.0,148000000000.0,71580305163.0,354.0,198000000000.0
China,1992.0,1.34,284693783613.0,196000000000.0,88693783613.0,417.0,223000000000.0
China,1993.0,1.82,387000000000.0,274000000000.0,113000000000.0,517.0,272000000000.0
China,1994.0,1.57,335000000000.0,231000000000.0,104000000000.0,467.0,249000000000.0
China,1995.0,2.02,425000000000.0,291000000000.0,134000000000.0,593.0,336000000000.0
China,1996.0,2.34,489000000000.0,331000000000.0,158000000000.0,693.0,405000000000.0
China,1997.0,2.56,537000000000.0,349000000000.0,188000000000.0,768.0,442000000000.0
China,1998.0,2.76,583000000000.0,367000000000.0,216000000000.0,812.0,469000000000.0
China,1999.0,2.95,624000000000.0,383000000000.0,241000000000.0,860.0,506000000000.0
China,2000.0,3.28,696000000000.0,417000000000.0,279000000000.0,947.0,568000000000.0
China,2001.0,3.79,813000000000.0,488000000000.0,325000000000.0,1037.0,613000000000.0
China,2002.0,4.25,916000000000.0,545000000000.0,371000000000.0,1136.0,665000000000.0
China,2003.0,5.05,1097000000000.0,675000000000.0,422000000000.0,1280.0,717000000000.0
China,2004.0,5.87,1261000000000.0,839000000000.0,422000000000.0,1504.0,805000000000.0
China,2005.0,6.62,1425000000000.0,922000000000.0,503000000000.0,1740.0,905000000000.0
China,2006.0,7.95,1719000000000.0,1100000000000.0,619000000000.0,2092.0,1040000000000.0
China,2007.0,10.45,2275000000000.0,1440000000000.0,835000000000.0,2693.0,1290000000000.0
China,2008.0,13.57,2940000000000.0,1940000000000.0,1000000000000.0,3475.0,1620000000000.0
China,2009.0,16.25,3580000000000.0,2310000000000.0,1270000000000.0,3803.0,1800000000000.0
China,2010.0,19.91,4420000000000.0,2830000000000.0,1590000000000.0,4496.0,2090000000000.0
China,2011.0,24.85,5520000000000.0,3520000000000.0,2000000000000.0,5513.0,2640000000000.0
China,2012.0,28.17,6270000000000.0,3940000000000.0,2330000000000.0,6229.0,3020000000000.0
China,2013.0,32.04,7160000000000.0,4440000000000.0,2720000000000.0,6898.0,3430000000000.0
China,2014.0,35.09,7840000000000.0,4800000000000.0,3040000000000.0,7572.0,3850000000000.0
China,2015.0,36.79,8280000000000.0,4780000000000.0,3500000000000.0,7899.0,4180000000000.0
China,2016.0,37.63,8500000000000.0,4790000000000.0,3710000000000.0,7973.0,4340000000000.0
China,2017.0,41.56,9400000000000.0,5300000000000.0,4100000000000.0,8718.0,4740000000000.0
China,2018.0,47.59,10790000000000.0,6090000000000.0,4700000000000.0,9762.0,5350000000000.0
China,2019.0,48.99,11120000000000.0,6180000000000.0,4940000000000.0,10015.0,5600000000000.0
China,2020.0,50.62,11540000000000.0,6370000000000.0,5170000000000.0,10225.0,5610000000000.0
China,2021.0,59.86,13570000000000.0,7600000000000.0,5970000000000.0,12324.0,6800000000000.0
France,1970.0,1.17,91517870014.0,41851553854.0,49666316160.0,2882.0,80559251389.0
France,1971.0,1.3,101710840068.0,45460936874.0,56249903194.0,3196.0,90115631449.0
France,1972.0,1.6,125523406380.0,56269158044.0,69254248336.0,3881.0,110000000000.0
France,1973.0,2.09,165619291951.0,74633716294.0,90985575657.0,4999.0,142000000000.0
France,1974.0,2.27,185141303001.0,83141303001.0,102000000000.0,5356.0,154000000000.0
France,1975.0,2.82,222828087782.0,89828087782.0,133000000000.0,6735.0,197000000000.0
France,1976.0,2.93,237513497092.0,98513497092.0,139000000000.0,6919.0,203000000000.0
France,1977.0,3.22,261000000000.0,105000000000.0,156000000000.0,7584.0,223000000000.0
France,1978.0,3.94,314000000000.0,123000000000.0,191000000000.0,9329.0,274000000000.0
France,1979.0,4.79,384000000000.0,153000000000.0,231000000000.0,11263.0,333000000000.0
France,1980.0,5.51,450000000000.0,181000000000.0,269000000000.0,12833.0,384000000000.0
France,1981.0,4.78,387000000000.0,145000000000.0,242000000000.0,11187.0,346000000000.0
France,1982.0,4.51,369000000000.0,139000000000.0,230000000000.0,10527.0,330000000000.0
France,1983.0,4.25,346000000000.0,122000000000.0,224000000000.0,9958.0,314000000000.0
France,1984.0,4.0,327000000000.0,113000000000.0,214000000000.0,9370.0,298000000000.0
France,1985.0,4.17,341000000000.0,117000000000.0,224000000000.0,9765.0,313000000000.0
France,1986.0,5.86,482000000000.0,168000000000.0,314000000000.0,13625.0,432000000000.0
France,1987.0,7.13,591000000000.0,208000000000.0,383000000000.0,16470.0,530000000000.0
France,1988.0,7.79,658000000000.0,238000000000.0,420000000000.0,17844.0,567000000000.0
France,1989.0,7.85,674000000000.0,249000000000.0,425000000000.0,17815.0,567000000000.0
France,1990.0,9.7,835000000000.0,310000000000.0,525000000000.0,21941.0,701000000000.0
France,1991.0,9.64,832000000000.0,300000000000.0,532000000000.0,21823.0,699000000000.0
France,1992.0,10.57,907000000000.0,308000000000.0,599000000000.0,24021.0,772000000000.0
France,1993.0,9.88,843000000000.0,259000000000.0,584000000000.0,22609.0,732000000000.0
France,1994.0,10.43,901000000000.0,283000000000.0,618000000000.0,23701.0,767000000000.0
France,1995.0,11.96,1036000000000.0,328000000000.0,708000000000.0,27120.0,876000000000.0
France,1996.0,11.98,1036000000000.0,315000000000.0,721000000000.0,27231.0,885000000000.0
France,1997.0,10.81,935000000000.0,283000000000.0,652000000000.0,24623.0,787000000000.0
France,1998.0,11.23,983000000000.0,311000000000.0,672000000000.0,25380.0,811000000000.0
France,1999.0,11.22,991000000000.0,319000000000.0,672000000000.0,25248.0,800000000000.0
France,2000.0,10.26,926000000000.0,306000000000.0,620000000000.0,22823.0,734000000000.0
France,2001.0,10.33,933000000000.0,305000000000.0,628000000000.0,22972.0,745000000000.0
France,2002.0,11.08,1004000000000.0,319000000000.0,685000000000.0,24603.0,807000000000.0
France,2003.0,13.65,1242000000000.0,390000000000.0,852000000000.0,30204.0,998000000000.0
France,2004.0,15.73,1451000000000.0,463000000000.0,988000000000.0,34527.0,1140000000000.0
France,2005.0,16.4,1533000000000.0,493000000000.0,1040000000000.0,35718.0,1190000000000.0
France,2006.0,17.4,1649000000000.0,539000000000.0,1110000000000.0,37561.0,1260000000000.0
France,2007.0,19.99,1922000000000.0,642000000000.0,1280000000000.0,42745.0,1440000000000.0
France,2008.0,21.94,2124000000000.0,704000000000.0,1420000000000.0,46732.0,1590000000000.0
France,2009.0,19.95,1914000000000.0,574000000000.0,1340000000000.0,42863.0,1490000000000.0
France,2010.0,19.61,1900000000000.0,580000000000.0,1320000000000.0,41874.0,1460000000000.0
France,2011.0,21.33,2084000000000.0,664000000000.0,1420000000000.0,45251.0,1570000000000.0
France,2012.0,19.85,1947000000000.0,607000000000.0,1340000000000.0,42046.0,1470000000000.0
France,2013.0,20.73,2037000000000.0,627000000000.0,1410000000000.0,43875.0,1540000000000.0
France,2014.0,21.01,2078000000000.0,648000000000.0,1430000000000.0,44299.0,1550000000000.0
France,2015.0,17.9,1774000000000.0,554000000000.0,1220000000000.0,37728.0,1320000000000.0
France,2016.0,18.11,1799000000000.0,559000000000.0,1240000000000.0,38110.0,1340000000000.0
France,2017.0,19.05,1898000000000.0,608000000000.0,1290000000000.0,39972.0,1400000000000.0
France,2018.0,20.53,2056000000000.0,666000000000.0,1390000000000.0,42910.0,1500000000000.0
France,2019.0,20.05,2015000000000.0,665000000000.0,1350000000000.0,41793.0,1460000000000.0
France,2020.0,19.37,1976000000000.0,626000000000.0,1350000000000.0,40119.0,1410000000000.0
France,2021.0,21.9,2210000000000.0,740000000000.0,1470000000000.0,45535.0,1560000000000.0
Germany,1970.0,1.3,126117762994.0,70587267317.0,55530495677.0,2771.0,120000000000.0
Germany,1971.0,1.52,147396132712.0,79519021251.0,67877111461.0,3196.0,139000000000.0
Germany,1972.0,1.82,175887414435.0,91710389436.0,84177024999.0,3823.0,169000000000.0
Germany,1973.0,2.42,233000000000.0,117000000000.0,116000000000.0,5077.0,223000000000.0
Germany,1974.0,2.68,255000000000.0,118000000000.0,137000000000.0,5679.0,248000000000.0
Germany,1975.0,2.95,278000000000.0,120000000000.0,158000000000.0,6274.0,286000000000.0
Germany,1976.0,3.16,299000000000.0,133000000000.0,166000000000.0,6665.0,302000000000.0
Germany,1977.0,3.65,344000000000.0,151000000000.0,193000000000.0,7702.0,351000000000.0
Germany,1978.0,4.53,425000000000.0,189000000000.0,236000000000.0,9550.0,428000000000.0
Germany,1979.0,5.5,530000000000.0,242000000000.0,288000000000.0,11355.0,512000000000.0
Germany,1980.0,5.97,581000000000.0,259000000000.0,322000000000.0,12267.0,559000000000.0
Germany,1981.0,4.96,477000000000.0,197000000000.0,280000000000.0,10328.0,476000000000.0
Germany,1982.0,4.78,456000000000.0,180000000000.0,276000000000.0,10021.0,461000000000.0
Germany,1983.0,4.79,463000000000.0,185000000000.0,278000000000.0,9982.0,458000000000.0
Germany,1984.0,4.51,435000000000.0,172000000000.0,263000000000.0,9428.0,429000000000.0
Germany,1985.0,4.54,437000000000.0,169000000000.0,268000000000.0,9516.0,429000000000.0
Germany,1986.0,6.48,627000000000.0,242000000000.0,385000000000.0,13530.0,598000000000.0
Germany,1987.0,8.03,779000000000.0,293000000000.0,486000000000.0,16702.0,747000000000.0
Germany,1988.0,8.74,859000000000.0,326000000000.0,533000000000.0,18027.0,800000000000.0
Germany,1989.0,8.76,872000000000.0,339000000000.0,533000000000.0,17922.0,799000000000.0
Germany,1990.0,11.13,1120000000000.0,440000000000.0,680000000000.0,22563.0,998000000000.0
Germany,1991.0,11.74,1202000000000.0,482000000000.0,720000000000.0,23506.0,1050000000000.0
Germany,1992.0,13.39,1388000000000.0,538000000000.0,850000000000.0,26657.0,1190000000000.0
Germany,1993.0,12.97,1357000000000.0,496000000000.0,861000000000.0,25751.0,1170000000000.0
Germany,1994.0,13.8,1452000000000.0,536000000000.0,916000000000.0,27255.0,1240000000000.0
Germany,1995.0,16.2,1719000000000.0,629000000000.0,1090000000000.0,31829.0,1440000000000.0
Germany,1996.0,15.62,1661000000000.0,581000000000.0,1080000000000.0,30721.0,1410000000000.0
Germany,1997.0,13.79,1470000000000.0,517000000000.0,953000000000.0,27110.0,1240000000000.0
Germany,1998.0,13.95,1493000000000.0,538000000000.0,955000000000.0,27307.0,1250000000000.0
Germany,1999.0,13.72,1479000000000.0,527000000000.0,952000000000.0,26717.0,1230000000000.0
Germany,2000.0,12.16,1311000000000.0,476000000000.0,835000000000.0,23693.0,1090000000000.0
Germany,2001.0,12.05,1284000000000.0,446000000000.0,838000000000.0,23682.0,1100000000000.0
Germany,2002.0,12.65,1339000000000.0,430000000000.0,909000000000.0,25131.0,1150000000000.0
Germany,2003.0,15.31,1620000000000.0,510000000000.0,1110000000000.0,30372.0,1410000000000.0
Germany,2004.0,17.33,1807000000000.0,557000000000.0,1250000000000.0,34778.0,1580000000000.0
Germany,2005.0,17.53,1814000000000.0,554000000000.0,1260000000000.0,35330.0,1610000000000.0
Germany,2006.0,18.61,1925000000000.0,615000000000.0,1310000000000.0,37481.0,1670000000000.0
Germany,2007.0,21.24,2201000000000.0,731000000000.0,1470000000000.0,42751.0,1850000000000.0
Germany,2008.0,23.14,2410000000000.0,800000000000.0,1610000000000.0,46364.0,2020000000000.0
Germany,2009.0,21.05,2160000000000.0,630000000000.0,1530000000000.0,42754.0,1920000000000.0
Germany,2010.0,21.1,2182000000000.0,682000000000.0,1500000000000.0,42600.0,1870000000000.0
Germany,2011.0,23.48,2440000000000.0,810000000000.0,1630000000000.0,47165.0,2040000000000.0
Germany,2012.0,21.81,2235000000000.0,695000000000.0,1540000000000.0,44294.0,1940000000000.0
Germany,2013.0,23.17,2399000000000.0,749000000000.0,1650000000000.0,46757.0,2040000000000.0
Germany,2014.0,24.0,2491000000000.0,791000000000.0,1700000000000.0,48397.0,2070000000000.0
Germany,2015.0,20.64,2133000000000.0,663000000000.0,1470000000000.0,41825.0,1780000000000.0
Germany,2016.0,21.28,2192000000000.0,692000000000.0,1500000000000.0,43161.0,1830000000000.0
Germany,2017.0,22.75,2374000000000.0,774000000000.0,1600000000000.0,45735.0,1920000000000.0
Germany,2018.0,24.77,2601000000000.0,871000000000.0,1730000000000.0,49561.0,2070000000000.0
Germany,2019.0,24.22,2550000000000.0,860000000000.0,1690000000000.0,48336.0,2020000000000.0
Germany,2020.0,24.26,2599000000000.0,859000000000.0,1740000000000.0,48053.0,1960000000000.0
Germany,2021.0,26.72,2862000000000.0,992000000000.0,1870000000000.0,52885.0,2100000000000.0
India,1970.0,0.1,24536011809.0,10227772896.0,14308238913.0,111.0,49741148289.0
India,1971.0,0.12,27373251404.0,11587349896.0,15785901508.0,117.0,53705844965.0
India,1972.0,0.13,28583983233.0,11548797280.0,17035185953.0,124.0,58393890721.0
India,1973.0,0.17,34983942596.0,16285408084.0,18698534512.0,145.0,69052543401.0
India,1974.0,0.2,39532636680.0,18550733995.0,20981902685.0,160.0,79947973075.0
India,1975.0,0.2,41925810703.0,18975679902.0,22950130801.0,163.0,79083588412.0
India,1976.0,0.21,43031184519.0,19308772758.0,23722411761.0,160.0,76857498527.0
India,1977.0,0.25,49455589569.0,22971796341.0,26483793228.0,182.0,90751223562.0
India,1978.0,0.31,62166637527.0,31455251827.0,30711385700.0,206.0,105000000000.0
India,1979.0,0.34,67699365419.0,33559115293.0,34140250126.0,223.0,115000000000.0
India,1980.0,0.42,78859949469.0,38786786533.0,40073162936.0,269.0,146000000000.0
India,1981.0,0.44,82959707980.0,40895190517.0,42064517463.0,280.0,152000000000.0
India,1982.0,0.45,86279055549.0,42193938177.0,44085117372.0,279.0,154000000000.0
India,1983.0,0.48,90211785961.0,43961289559.0,46250496402.0,298.0,168000000000.0
India,1984.0,0.49,92739851050.0,45923857735.0,46815993315.0,289.0,166000000000.0
India,1985.0,0.52,100085869055.0,51274035424.0,48811833631.0,293.0,168000000000.0
India,1986.0,0.57,109872612828.0,54842369132.0,55030243696.0,315.0,185000000000.0
India,1987.0,0.66,126911328191.0,66060600044.0,60850728147.0,340.0,199000000000.0
India,1988.0,0.73,141424885815.0,76241557134.0,65183328681.0,366.0,216000000000.0
India,1989.0,0.73,143623378719.0,77984616586.0,65638762133.0,353.0,207000000000.0
India,1990.0,0.82,162981903808.0,92697498831.0,70284404977.0,373.0,221000000000.0
India,1991.0,0.68,134859560959.0,68680602881.0,66178958078.0,323.0,195000000000.0
India,1992.0,0.69,137534767633.0,73199582720.0,64335184913.0,319.0,193000000000.0
India,1993.0,0.67,134750352487.0,68962956305.0,65787396182.0,306.0,188000000000.0
India,1994.0,0.8,160463529618.0,87624154302.0,72839375316.0,342.0,212000000000.0
India,1995.0,0.92,186744857221.0,102000000000.0,84744857221.0,381.0,237000000000.0
India,1996.0,0.94,188230615572.0,101000000000.0,87230615572.0,397.0,254000000000.0
India,1997.0,1.07,217208358177.0,118000000000.0,99208358177.0,421.0,272000000000.0
India,1998.0,1.06,216000000000.0,112000000000.0,104000000000.0,417.0,274000000000.0
India,1999.0,1.22,252000000000.0,133000000000.0,119000000000.0,440.0,296000000000.0
India,2000.0,1.21,248000000000.0,125000000000.0,123000000000.0,445.0,303000000000.0
India,2001.0,1.26,261000000000.0,129000000000.0,132000000000.0,451.0,315000000000.0
India,2002.0,1.33,278000000000.0,137000000000.0,141000000000.0,464.0,323000000000.0
India,2003.0,1.61,336000000000.0,174000000000.0,162000000000.0,533.0,369000000000.0
India,2004.0,2.08,441000000000.0,247000000000.0,194000000000.0,614.0,410000000000.0
India,2005.0,2.48,528000000000.0,300000000000.0,228000000000.0,708.0,473000000000.0
India,2006.0,2.8,594000000000.0,338000000000.0,256000000000.0,795.0,527000000000.0
India,2007.0,3.71,791000000000.0,464000000000.0,327000000000.0,992.0,661000000000.0
India,2008.0,4.01,860000000000.0,486000000000.0,374000000000.0,1044.0,718000000000.0
India,2009.0,4.21,907000000000.0,511000000000.0,396000000000.0,1068.0,736000000000.0
India,2010.0,5.36,1155000000000.0,664000000000.0,491000000000.0,1331.0,914000000000.0
India,2011.0,6.0,1289000000000.0,741000000000.0,548000000000.0,1475.0,1050000000000.0
India,2012.0,5.88,1264000000000.0,714000000000.0,550000000000.0,1443.0,1050000000000.0
India,2013.0,5.74,1227000000000.0,652000000000.0,575000000000.0,1466.0,1110000000000.0
India,2014.0,6.21,1332000000000.0,700000000000.0,632000000000.0,1544.0,1190000000000.0
India,2015.0,6.34,1357000000000.0,689000000000.0,668000000000.0,1604.0,1270000000000.0
India,2016.0,6.59,1407000000000.0,691000000000.0,716000000000.0,1692.0,1360000000000.0
India,2017.0,7.59,1622000000000.0,813000000000.0,809000000000.0,1917.0,1540000000000.0
India,2018.0,8.23,1764000000000.0,894000000000.0,870000000000.0,1997.0,1640000000000.0
India,2019.0,8.37,1796000000000.0,862000000000.0,934000000000.0,2041.0,1740000000000.0
India,2020.0,7.66,1653000000000.0,745000000000.0,908000000000.0,1888.0,1620000000000.0
India,2021.0,9.46,2038000000000.0,998000000000.0,1040000000000.0,2239.0,1910000000000.0
Israel,1970.0,0.54,4026588827.0,1795575365.0,2231013462.0,2005.0,3214161331.0
Israel,1971.0,0.56,4386774498.0,2078433535.0,2308340963.0,2059.0,3159013449.0
Israel,1972.0,0.72,5732295525.0,2736874729.0,2995420796.0,2605.0,4032607601.0
Israel,1973.0,0.91,7824118577.0,3614253178.0,4209865399.0,3253.0,5220928831.0
Israel,1974.0,1.22,10293815611.0,4651077602.0,5642738009.0,4292.0,7340532529.0
Israel,1975.0,1.16,10234629396.0,4613125191.0,5621504205.0,4091.0,7274295117.0
Israel,1976.0,1.2,10108375160.0,4080032592.0,6028342568.0,4218.0,7859836993.0
Israel,1977.0,1.29,11005439887.0,4057316591.0,6948123296.0,4509.0,8458580762.0
Israel,1978.0,1.24,11057133333.0,4387686776.0,6669446557.0,4336.0,8434974730.0
Israel,1979.0,1.59,15389687080.0,5834511005.0,9555176075.0,5507.0,10987622792.0
Israel,1980.0,1.76,16060309086.0,5779693064.0,10280616022.0,6085.0,11888186304.0
Israel,1981.0,1.85,16857512856.0,5778187362.0,11079325494.0,6388.0,13013297582.0
Israel,1982.0,1.97,18712466271.0,6879961429.0,11832504842.0,6796.0,14633328760.0
Israel,1983.0,2.15,20628877352.0,7809901486.0,12818975866.0,7398.0,16762002627.0
Israel,1984.0,1.91,19368780271.0,6846417387.0,12522362884.0,6588.0,14693979793.0
Israel,1985.0,1.74,16790648393.0,5480272328.0,11310376065.0,6027.0,14597001909.0
Israel,1986.0,2.15,19762008071.0,6668638409.0,13093369662.0,7383.0,19496217081.0
Israel,1987.0,2.55,24884897338.0,8162125881.0,16722771457.0,8710.0,23813087781.0
Israel,1988.0,3.07,30520123109.0,9481713607.0,21038409502.0,10469.0,28921810172.0
Israel,1989.0,2.99,31152170304.0,9120626856.0,22031543448.0,10183.0,29025360643.0
Israel,1990.0,3.48,37457702252.0,12067008123.0,25390694129.0,11796.0,33624954343.0
Israel,1991.0,3.93,46298036252.0,17890498636.0,28407537616.0,13251.0,37430001076.0
Israel,1992.0,4.28,51219274724.0,19842117602.0,31377157122.0,14393.0,41544850221.0
Israel,1993.0,4.2,53009286244.0,20437078044.0,32572208200.0,14089.0,42817676544.0
Israel,1994.0,4.66,61286752594.0,22675336837.0,38611415757.0,15587.0,49123422904.0
Israel,1995.0,5.36,71370789441.0,26254819477.0,45115969964.0,17877.0,55646003027.0
Israel,1996.0,5.71,77968189803.0,28795597575.0,49172592228.0,19039.0,59712839096.0
Israel,1997.0,5.8,79884913636.0,28733083016.0,51151830620.0,19303.0,61028996999.0
Israel,1998.0,5.73,78916740205.0,27040555042.0,51876185163.0,19099.0,61864269521.0
Israel,1999.0,5.63,80156115107.0,27793231920.0,52362883187.0,18706.0,62476234662.0
Israel,2000.0,6.11,87396232268.0,30427482170.0,56968750098.0,20304.0,70031073537.0
Israel,2001.0,6.06,88669806992.0,29565634373.0,59104172619.0,20099.0,71074048768.0
Israel,2002.0,5.53,81386600881.0,25292448434.0,56094152447.0,18364.0,66904098062.0
Israel,2003.0,5.7,83466524405.0,24961933782.0,58504590623.0,18909.0,70014407739.0
Israel,2004.0,6.02,89000941911.0,26937154965.0,62063786946.0,19954.0,75149557919.0
Israel,2005.0,6.36,94599814988.0,29507347305.0,65092467683.0,21063.0,78817486329.0
Israel,2006.0,6.8,102738186508.0,31856270733.0,70881915775.0,22472.0,85234663699.0
Israel,2007.0,7.8,120864082996.0,38532001121.0,82332081875.0,25737.0,101000000000.0
Israel,2008.0,9.13,145196542473.0,44196542473.0,101000000000.0,30037.0,124000000000.0
Israel,2009.0,8.57,136508197943.0,38501276697.0,98006921246.0,28196.0,117000000000.0
Israel,2010.0,9.57,155393808811.0,44393808811.0,111000000000.0,31427.0,133000000000.0
Israel,2011.0,10.6,179300641778.0,55300641778.0,124000000000.0,34689.0,149000000000.0
Israel,2012.0,10.16,179236675987.0,55236675987.0,124000000000.0,33165.0,145000000000.0
Israel,2013.0,11.42,199226858615.0,59226858615.0,140000000000.0,37302.0,163000000000.0
Israel,2014.0,12.05,211871515697.0,63871515697.0,148000000000.0,39302.0,172000000000.0
Israel,2015.0,11.39,201502087964.0,59502087964.0,142000000000.0,37152.0,164000000000.0
Israel,2016.0,11.92,218910082575.0,66910082575.0,152000000000.0,38747.0,175000000000.0
Israel,2017.0,13.11,247045515172.0,75045515172.0,172000000000.0,42542.0,194000000000.0
Israel,2018.0,13.64,261852557935.0,81852557935.0,180000000000.0,44152.0,204000000000.0
Israel,2019.0,14.21,274813523534.0,84813523534.0,190000000000.0,45968.0,215000000000.0
Israel,2020.0,14.25,286038965313.0,90038965313.0,196000000000.0,46012.0,202000000000.0
Israel,2021.0,16.56,339000000000.0,110000000000.0,229000000000.0,53302.0,243000000000.0
Japan,1970.0,1.13,137518879837.0,87370670739.0,50148209098.0,2015.0,98881949459.0
Japan,1971.0,1.25,150690537435.0,90431127311.0,60259410124.0,2248.0,114000000000.0
Japan,1972.0,1.67,202397695408.0,119000000000.0,83397695408.0,2942.0,153000000000.0
Japan,1973.0,2.32,285000000000.0,173000000000.0,112000000000.0,3944.0,206000000000.0
Japan,1974.0,2.55,314000000000.0,188000000000.0,126000000000.0,4314.0,232000000000.0
Japan,1975.0,2.68,323000000000.0,180000000000.0,143000000000.0,4639.0,265000000000.0
Japan,1976.0,2.99,358000000000.0,197000000000.0,161000000000.0,5159.0,300000000000.0
Japan,1977.0,3.65,436000000000.0,234000000000.0,202000000000.0,6290.0,370000000000.0
Japan,1978.0,5.15,620000000000.0,330000000000.0,290000000000.0,8765.0,520000000000.0
Japan,1979.0,5.45,671000000000.0,361000000000.0,310000000000.0,9056.0,551000000000.0
Japan,1980.0,5.76,726000000000.0,375000000000.0,351000000000.0,9404.0,579000000000.0
Japan,1981.0,6.26,786000000000.0,399000000000.0,387000000000.0,10290.0,633000000000.0
Japan,1982.0,5.79,726000000000.0,358000000000.0,368000000000.0,9540.0,602000000000.0
Japan,1983.0,6.29,787000000000.0,375000000000.0,412000000000.0,10404.0,665000000000.0
Japan,1984.0,6.66,837000000000.0,396000000000.0,441000000000.0,10978.0,697000000000.0
Japan,1985.0,7.09,898000000000.0,420000000000.0,478000000000.0,11606.0,735000000000.0
Japan,1986.0,10.55,1343000000000.0,623000000000.0,720000000000.0,17159.0,1080000000000.0
Japan,1987.0,13.01,1676000000000.0,784000000000.0,892000000000.0,20852.0,1320000000000.0
Japan,1988.0,16.04,2100000000000.0,1020000000000.0,1080000000000.0,25189.0,1580000000000.0
Japan,1989.0,15.98,2100000000000.0,1030000000000.0,1070000000000.0,24976.0,1560000000000.0
Japan,1990.0,16.41,2160000000000.0,1080000000000.0,1080000000000.0,25523.0,1600000000000.0
Japan,1991.0,18.7,2460000000000.0,1230000000000.0,1230000000000.0,29095.0,1820000000000.0
Japan,1992.0,20.25,2660000000000.0,1270000000000.0,1390000000000.0,31682.0,2010000000000.0
Japan,1993.0,23.0,3030000000000.0,1370000000000.0,1660000000000.0,36014.0,2340000000000.0
Japan,1994.0,25.63,3420000000000.0,1530000000000.0,1890000000000.0,39552.0,2640000000000.0
Japan,1995.0,28.68,3800000000000.0,1720000000000.0,2080000000000.0,44587.0,2920000000000.0
Japan,1996.0,25.77,3450000000000.0,1580000000000.0,1870000000000.0,39632.0,2580000000000.0
Japan,1997.0,23.36,3120000000000.0,1400000000000.0,1720000000000.0,36114.0,2360000000000.0
Japan,1998.0,21.1,2810000000000.0,1210000000000.0,1600000000000.0,32848.0,2170000000000.0
Japan,1999.0,23.7,3140000000000.0,1310000000000.0,1830000000000.0,37082.0,2510000000000.0
Japan,2000.0,25.55,3410000000000.0,1410000000000.0,2000000000000.0,39748.0,2670000000000.0
Japan,2001.0,22.45,3000000000000.0,1210000000000.0,1790000000000.0,34964.0,2380000000000.0
Japan,2002.0,21.25,2830000000000.0,1080000000000.0,1750000000000.0,33337.0,2300000000000.0
Japan,2003.0,22.99,3070000000000.0,1160000000000.0,1910000000000.0,36020.0,2480000000000.0
Japan,2004.0,24.86,3310000000000.0,1250000000000.0,2060000000000.0,39066.0,2680000000000.0
Japan,2005.0,24.73,3310000000000.0,1260000000000.0,2050000000000.0,38644.0,2650000000000.0
Japan,2006.0,23.69,3180000000000.0,1200000000000.0,1980000000000.0,36939.0,2530000000000.0
Japan,2007.0,23.57,3160000000000.0,1180000000000.0,1980000000000.0,36874.0,2510000000000.0
Japan,2008.0,26.36,3550000000000.0,1320000000000.0,2230000000000.0,40943.0,2850000000000.0
Japan,2009.0,26.94,3610000000000.0,1200000000000.0,2410000000000.0,42324.0,3050000000000.0
Japan,2010.0,29.1,3860000000000.0,1300000000000.0,2560000000000.0,46153.0,3280000000000.0
Japan,2011.0,31.99,4290000000000.0,1470000000000.0,2820000000000.0,50110.0,3570000000000.0
Japan,2012.0,32.31,4340000000000.0,1510000000000.0,2830000000000.0,50413.0,3620000000000.0
Japan,2013.0,27.01,3620000000000.0,1270000000000.0,2350000000000.0,42228.0,3030000000000.0
Japan,2014.0,25.51,3420000000000.0,1230000000000.0,2190000000000.0,39843.0,2820000000000.0
Japan,2015.0,23.06,3080000000000.0,1120000000000.0,1960000000000.0,36304.0,2480000000000.0
Japan,2016.0,25.83,3450000000000.0,1240000000000.0,2210000000000.0,40772.0,2740000000000.0
Japan,2017.0,25.52,3400000000000.0,1240000000000.0,2160000000000.0,40369.0,2690000000000.0
Japan,2018.0,26.28,3510000000000.0,1290000000000.0,2220000000000.0,41429.0,2760000000000.0
Japan,2019.0,26.84,3590000000000.0,1320000000000.0,2270000000000.0,42320.0,2790000000000.0
Japan,2020.0,26.54,3580000000000.0,1280000000000.0,2300000000000.0,41701.0,2710000000000.0
Japan,2021.0,25.93,3460000000000.0,1250000000000.0,2210000000000.0,41162.0,2660000000000.0
Russian Federation,1990.0,2.3,269195436140.0,184000000000.0,85195436140.0,3870.0,279000000000.0
Russian Federation,1991.0,2.41,303762526769.0,217000000000.0,86762526769.0,3789.0,248000000000.0
Russian Federation,1992.0,1.98,246729621451.0,181000000000.0,65729621451.0,3241.0,170000000000.0
Russian Federation,1993.0,1.78,214278537610.0,132000000000.0,82278537610.0,3040.0,203000000000.0
Russian Federation,1994.0,1.58,188313224417.0,111000000000.0,77313224417.0,2730.0,191000000000.0
Russian Federation,1995.0,1.56,183643968192.0,109000000000.0,74643968192.0,2674.0,208000000000.0
Russian Federation,1996.0,1.48,167381355774.0,99231706101.0,68149649673.0,2622.0,204000000000.0
Russian Federation,1997.0,1.53,175174891574.0,95150682862.0,80024208712.0,2694.0,222000000000.0
Russian Federation,1998.0,0.92,99806346297.0,43349984604.0,56456361693.0,1764.0,156000000000.0
Russian Federation,1999.0,0.64,68043158941.0,31065396797.0,36977762144.0,1284.0,105000000000.0
Russian Federation,2000.0,0.9,100939702212.0,51912544565.0,49027157647.0,1733.0,120000000000.0
Russian Federation,2001.0,1.17,138678366189.0,71960368914.0,66717997275.0,2080.0,151000000000.0
Russian Federation,2002.0,1.32,158041259385.0,73989315649.0,84051943736.0,2341.0,176000000000.0
Russian Federation,2003.0,1.68,202976907434.0,95976907434.0,107000000000.0,2903.0,218000000000.0
Russian Federation,2004.0,2.3,268000000000.0,132000000000.0,136000000000.0,4033.0,298000000000.0
Russian Federation,2005.0,2.96,341000000000.0,164000000000.0,177000000000.0,5214.0,382000000000.0
Russian Federation,2006.0,3.91,460000000000.0,224000000000.0,236000000000.0,6737.0,483000000000.0
Russian Federation,2007.0,5.39,659000000000.0,336000000000.0,323000000000.0,8921.0,633000000000.0
Russian Federation,2008.0,7.03,872000000000.0,453000000000.0,419000000000.0,11381.0,811000000000.0
Russian Federation,2009.0,4.99,609000000000.0,247000000000.0,362000000000.0,8346.0,667000000000.0
Russian Federation,2010.0,6.38,791000000000.0,369000000000.0,422000000000.0,10410.0,785000000000.0
Russian Federation,2011.0,8.78,1139000000000.0,496000000000.0,643000000000.0,13851.0,1030000000000.0
Russian Federation,2012.0,9.6,1263000000000.0,542000000000.0,721000000000.0,14900.0,1140000000000.0
Russian Federation,2013.0,9.95,1317000000000.0,533000000000.0,784000000000.0,15369.0,1220000000000.0
Russian Federation,2014.0,8.79,1146000000000.0,461000000000.0,685000000000.0,13801.0,1090000000000.0
Russian Federation,2015.0,5.81,763000000000.0,302000000000.0,461000000000.0,9164.0,711000000000.0
Russian Federation,2016.0,5.52,734000000000.0,295000000000.0,439000000000.0,8554.0,678000000000.0
Russian Federation,2017.0,6.8,902000000000.0,372000000000.0,530000000000.0,10534.0,829000000000.0
Russian Federation,2018.0,6.94,896000000000.0,363000000000.0,533000000000.0,11101.0,836000000000.0
Russian Federation,2019.0,7.16,936000000000.0,384000000000.0,552000000000.0,11250.0,874000000000.0
Russian Federation,2020.0,6.42,850000000000.0,348000000000.0,502000000000.0,9987.0,783000000000.0
Russian Federation,2021.0,7.49,965000000000.0,399000000000.0,566000000000.0,11960.0,894000000000.0
USSR (Former),1970.0,1.62,266000000000.0,155000000000.0,111000000000.0,1804.0,205000000000.0
USSR (Former),1971.0,1.69,277000000000.0,160000000000.0,117000000000.0,1880.0,216000000000.0
USSR (Former),1972.0,1.89,306000000000.0,171000000000.0,135000000000.0,2110.0,249000000000.0
USSR (Former),1973.0,2.31,379000000000.0,218000000000.0,161000000000.0,2505.0,290000000000.0
USSR (Former),1974.0,2.26,368000000000.0,210000000000.0,158000000000.0,2479.0,292000000000.0
USSR (Former),1975.0,2.49,404000000000.0,221000000000.0,183000000000.0,2732.0,331000000000.0
USSR (Former),1976.0,2.49,406000000000.0,225000000000.0,181000000000.0,2718.0,329000000000.0
USSR (Former),1977.0,2.65,429000000000.0,239000000000.0,190000000000.0,2888.0,354000000000.0
USSR (Former),1978.0,3.01,489000000000.0,272000000000.0,217000000000.0,3257.0,401000000000.0
USSR (Former),1979.0,3.15,505000000000.0,275000000000.0,230000000000.0,3466.0,439000000000.0
USSR (Former),1980.0,3.22,512000000000.0,272000000000.0,240000000000.0,3585.0,467000000000.0
USSR (Former),1981.0,3.08,490000000000.0,259000000000.0,231000000000.0,3431.0,452000000000.0
USSR (Former),1982.0,3.37,546000000000.0,304000000000.0,242000000000.0,3602.0,461000000000.0
USSR (Former),1983.0,3.5,571000000000.0,321000000000.0,250000000000.0,3693.0,472000000000.0
USSR (Former),1984.0,3.31,545000000000.0,308000000000.0,237000000000.0,3457.0,443000000000.0
USSR (Former),1985.0,3.2,526000000000.0,292000000000.0,234000000000.0,3338.0,434000000000.0
USSR (Former),1986.0,2.99,497000000000.0,272000000000.0,225000000000.0,3079.0,402000000000.0
USSR (Former),1987.0,2.82,476000000000.0,257000000000.0,219000000000.0,2865.0,377000000000.0
USSR (Former),1988.0,2.75,466000000000.0,247000000000.0,219000000000.0,2779.0,368000000000.0
USSR (Former),1989.0,2.46,400000000000.0,177000000000.0,223000000000.0,2750.0,371000000000.0
USSR (Former),1990.0,2.68,452000000000.0,227000000000.0,225000000000.0,2763.0,373000000000.0
United Kingdom,1970.0,1.02,77923131855.0,31717018671.0,46206113184.0,2546.0,88390537411.0
United Kingdom,1971.0,1.16,88744088868.0,35087631824.0,53656457044.0,2862.0,100000000000.0
United Kingdom,1972.0,1.33,102650299085.0,39213424166.0,63436874919.0,3272.0,117000000000.0
United Kingdom,1973.0,1.56,125912681672.0,52099756842.0,73812924830.0,3706.0,131000000000.0
United Kingdom,1974.0,1.7,139194813724.0,56905032252.0,82289781472.0,4000.0,144000000000.0
United Kingdom,1975.0,1.98,156761626985.0,57583125116.0,99178501869.0,4739.0,168000000000.0
United Kingdom,1976.0,1.93,156428321464.0,60318589268.0,96109732196.0,4561.0,159000000000.0
United Kingdom,1977.0,2.16,175572259009.0,66572259009.0,109000000000.0,5089.0,176000000000.0
United Kingdom,1978.0,2.75,221920214826.0,82920214826.0,139000000000.0,6471.0,223000000000.0
United Kingdom,1979.0,3.58,290000000000.0,109000000000.0,181000000000.0,8367.0,292000000000.0
United Kingdom,1980.0,4.51,354000000000.0,121000000000.0,233000000000.0,10662.0,372000000000.0
United Kingdom,1981.0,4.25,330000000000.0,104000000000.0,226000000000.0,10129.0,358000000000.0
United Kingdom,1982.0,4.06,320000000000.0,103000000000.0,217000000000.0,9615.0,341000000000.0
United Kingdom,1983.0,3.9,312000000000.0,103000000000.0,209000000000.0,9170.0,325000000000.0
United Kingdom,1984.0,3.7,301000000000.0,102000000000.0,199000000000.0,8642.0,307000000000.0
United Kingdom,1985.0,3.89,320000000000.0,107000000000.0,213000000000.0,9042.0,324000000000.0
United Kingdom,1986.0,4.8,391000000000.0,130000000000.0,261000000000.0,11148.0,410000000000.0
United Kingdom,1987.0,5.93,485000000000.0,168000000000.0,317000000000.0,13669.0,503000000000.0
United Kingdom,1988.0,7.33,615000000000.0,230000000000.0,385000000000.0,16610.0,619000000000.0
United Kingdom,1989.0,7.42,633000000000.0,240000000000.0,393000000000.0,16678.0,625000000000.0
United Kingdom,1990.0,8.67,744000000000.0,252000000000.0,492000000000.0,19512.0,733000000000.0
United Kingdom,1991.0,8.92,744000000000.0,225000000000.0,519000000000.0,20396.0,774000000000.0
United Kingdom,1992.0,9.27,771000000000.0,223000000000.0,548000000000.0,21245.0,812000000000.0
United Kingdom,1993.0,8.35,704000000000.0,196000000000.0,508000000000.0,19055.0,740000000000.0
United Kingdom,1994.0,9.1,765000000000.0,222000000000.0,543000000000.0,20762.0,794000000000.0
United Kingdom,1995.0,9.97,852000000000.0,251000000000.0,601000000000.0,22564.0,857000000000.0
United Kingdom,1996.0,10.5,900000000000.0,268000000000.0,632000000000.0,23705.0,910000000000.0
United Kingdom,1997.0,11.58,967000000000.0,276000000000.0,691000000000.0,26427.0,1030000000000.0
United Kingdom,1998.0,12.43,1028000000000.0,301000000000.0,727000000000.0,28472.0,1100000000000.0
United Kingdom,1999.0,12.58,1047000000000.0,304000000000.0,743000000000.0,28712.0,1120000000000.0
United Kingdom,2000.0,12.44,1037000000000.0,305000000000.0,732000000000.0,28386.0,1100000000000.0
United Kingdom,2001.0,12.34,1038000000000.0,299000000000.0,739000000000.0,28050.0,1090000000000.0
United Kingdom,2002.0,13.42,1137000000000.0,326000000000.0,811000000000.0,30432.0,1180000000000.0
United Kingdom,2003.0,15.4,1312000000000.0,369000000000.0,943000000000.0,34871.0,1340000000000.0
United Kingdom,2004.0,18.09,1559000000000.0,429000000000.0,1130000000000.0,40716.0,1580000000000.0
United Kingdom,2005.0,19.0,1655000000000.0,455000000000.0,1200000000000.0,42579.0,1640000000000.0
United Kingdom,2006.0,20.07,1795000000000.0,495000000000.0,1300000000000.0,44392.0,1730000000000.0
United Kingdom,2007.0,22.78,2063000000000.0,573000000000.0,1490000000000.0,50026.0,1970000000000.0
United Kingdom,2008.0,21.33,1933000000000.0,513000000000.0,1420000000000.0,46855.0,1870000000000.0
United Kingdom,2009.0,17.45,1582000000000.0,362000000000.0,1220000000000.0,38514.0,1560000000000.0
United Kingdom,2010.0,18.03,1634000000000.0,404000000000.0,1230000000000.0,39714.0,1590000000000.0
United Kingdom,2011.0,19.18,1733000000000.0,423000000000.0,1310000000000.0,42309.0,1710000000000.0
United Kingdom,2012.0,19.25,1770000000000.0,430000000000.0,1340000000000.0,42019.0,1740000000000.0
United Kingdom,2013.0,19.67,1829000000000.0,459000000000.0,1370000000000.0,42563.0,1810000000000.0
United Kingdom,2014.0,21.73,2060000000000.0,540000000000.0,1520000000000.0,46476.0,1980000000000.0
United Kingdom,2015.0,20.69,1981000000000.0,521000000000.0,1460000000000.0,44018.0,1890000000000.0
United Kingdom,2016.0,19.02,1844000000000.0,484000000000.0,1360000000000.0,40157.0,1750000000000.0
United Kingdom,2017.0,18.98,1832000000000.0,492000000000.0,1340000000000.0,40180.0,1730000000000.0
United Kingdom,2018.0,20.25,1961000000000.0,521000000000.0,1440000000000.0,42734.0,1870000000000.0
United Kingdom,2019.0,20.21,1952000000000.0,522000000000.0,1430000000000.0,42766.0,1840000000000.0
United Kingdom,2020.0,18.85,1887000000000.0,467000000000.0,1420000000000.0,39425.0,1620000000000.0
United Kingdom,2021.0,22.01,2167000000000.0,567000000000.0,1600000000000.0,46338.0,1890000000000.0
United States,1970.0,4.23,647000000000.0,230000000000.0,417000000000.0,5363.0,647000000000.0
United States,1971.0,4.61,712000000000.0,255000000000.0,457000000000.0,5731.0,700000000000.0
United States,1972.0,5.08,789000000000.0,289000000000.0,500000000000.0,6239.0,768000000000.0
United States,1973.0,5.68,885000000000.0,333000000000.0,552000000000.0,6907.0,850000000000.0
United States,1974.0,6.13,955000000000.0,351000000000.0,604000000000.0,7422.0,930000000000.0
United States,1975.0,6.51,1008000000000.0,342000000000.0,666000000000.0,7973.0,1030000000000.0
United States,1976.0,7.34,1149000000000.0,413000000000.0,736000000000.0,8766.0,1150000000000.0
United States,1977.0,8.29,1314000000000.0,490000000000.0,824000000000.0,9667.0,1270000000000.0
United States,1978.0,9.48,1521000000000.0,584000000000.0,937000000000.0,10785.0,1420000000000.0
United States,1979.0,10.59,1710000000000.0,660000000000.0,1050000000000.0,11858.0,1590000000000.0
United States,1980.0,11.39,1846000000000.0,666000000000.0,1180000000000.0,12759.0,1750000000000.0
United States,1981.0,12.89,2109000000000.0,779000000000.0,1330000000000.0,14189.0,1930000000000.0
United States,1982.0,13.36,2188000000000.0,738000000000.0,1450000000000.0,14787.0,2070000000000.0
United States,1983.0,14.5,2399000000000.0,809000000000.0,1590000000000.0,15687.0,2280000000000.0
United States,1984.0,16.52,2770000000000.0,1010000000000.0,1760000000000.0,17323.0,2490000000000.0
United States,1985.0,17.64,2970000000000.0,1050000000000.0,1920000000000.0,18329.0,2710000000000.0
United States,1986.0,18.7,3190000000000.0,1090000000000.0,2100000000000.0,19016.0,2890000000000.0
United States,1987.0,19.98,3430000000000.0,1150000000000.0,2280000000000.0,20133.0,3080000000000.0
United States,1988.0,21.48,3690000000000.0,1200000000000.0,2490000000000.0,21694.0,3330000000000.0
United States,1989.0,22.92,3960000000000.0,1270000000000.0,2690000000000.0,22855.0,3580000000000.0
United States,1990.0,24.05,4180000000000.0,1280000000000.0,2900000000000.0,23792.0,3810000000000.0
United States,1991.0,24.64,4310000000000.0,1240000000000.0,3070000000000.0,24236.0,3940000000000.0
United States,1992.0,26.03,4580000000000.0,1310000000000.0,3270000000000.0,25220.0,4200000000000.0
United States,1993.0,27.36,4840000000000.0,1400000000000.0,3440000000000.0,26021.0,4450000000000.0
United States,1994.0,29.04,5140000000000.0,1550000000000.0,3590000000000.0,27339.0,4720000000000.0
United States,1995.0,30.58,5440000000000.0,1630000000000.0,3810000000000.0,28513.0,4960000000000.0
United States,1996.0,32.42,5790000000000.0,1750000000000.0,4040000000000.0,29912.0,5240000000000.0
United States,1997.0,34.77,6260000000000.0,1920000000000.0,4340000000000.0,31532.0,5540000000000.0
United States,1998.0,36.94,6670000000000.0,2080000000000.0,4590000000000.0,33119.0,5880000000000.0
United States,1999.0,39.43,7160000000000.0,2260000000000.0,4900000000000.0,34710.0,6280000000000.0
United States,2000.0,42.25,7700000000000.0,2430000000000.0,5270000000000.0,36770.0,6770000000000.0
United States,2001.0,43.35,7930000000000.0,2350000000000.0,5580000000000.0,37643.0,7070000000000.0
United States,2002.0,44.71,8230000000000.0,2370000000000.0,5860000000000.0,38329.0,7350000000000.0
United States,2003.0,46.75,8630000000000.0,2490000000000.0,6140000000000.0,39624.0,7740000000000.0
United States,2004.0,50.05,9260000000000.0,2770000000000.0,6490000000000.0,41904.0,8230000000000.0
United States,2005.0,53.76,9990000000000.0,3050000000000.0,6940000000000.0,44355.0,8770000000000.0
United States,2006.0,56.94,10580000000000.0,3250000000000.0,7330000000000.0,46927.0,9280000000000.0
United States,2007.0,58.87,10980000000000.0,3270000000000.0,7710000000000.0,48061.0,9750000000000.0
United States,2008.0,59.2,11060000000000.0,3110000000000.0,7950000000000.0,48146.0,10100000000000.0
United States,2009.0,56.8,10660000000000.0,2570000000000.0,8090000000000.0,46761.0,9890000000000.0
United States,2010.0,59.5,11160000000000.0,2810000000000.0,8350000000000.0,48756.0,10300000000000.0
United States,2011.0,61.78,11580000000000.0,2970000000000.0,8610000000000.0,50497.0,10700000000000.0
United States,2012.0,65.02,12240000000000.0,3240000000000.0,9000000000000.0,52662.0,11000000000000.0
United States,2013.0,67.16,12660000000000.0,3430000000000.0,9230000000000.0,53819.0,11400000000000.0
United States,2014.0,70.36,13300000000000.0,3650000000000.0,9650000000000.0,56029.0,11800000000000.0
United States,2015.0,73.45,13960000000000.0,3860000000000.0,10100000000000.0,57488.0,12300000000000.0
United States,2016.0,74.77,14240000000000.0,3840000000000.0,10400000000000.0,58129.0,12700000000000.0
United States,2017.0,77.9,14850000000000.0,4050000000000.0,10800000000000.0,60297.0,13200000000000.0
United States,2018.0,82.36,15750000000000.0,4350000000000.0,11400000000000.0,63038.0,13900000000000.0
United States,2019.0,85.79,16460000000000.0,4560000000000.0,11900000000000.0,65101.0,14400000000000.0
United States,2020.0,85.03,16430000000000.0,4430000000000.0,12000000000000.0,63917.0,14100000000000.0
United States,2021.0,92.95,17820000000000.0,4920000000000.0,12900000000000.0,70081.0,15900000000000.0
